"TOA5","8321","CR6","8321","CR6.Std.07.02","CPU:T-Node_DO_Test_062618.CR6","17771","TableDO"
"TIMESTAMP","RECORD","BattV","PTemp_C","wtr_surface","wtr_1","wtr_2","wtr_3","wtr_4","wtr_5","wtr_6","wtr_7","wtr_8","wtr_9","doobs_5","dosat_5","dotemp_5","doobs_9","dosat_9","dotemp_9"
"TS","RN","Volts","Deg C","°C","°C","°C","°C","°C","°C","°C","°C","°C","°C","µg_L","µg_L","µg_L","µg_L","µg_L","µg_L"
"","","Smp","Smp","Smp","Smp","Smp","Smp","Smp","Smp","Smp","Smp","Smp","Smp","Smp","Smp","Smp","Smp","Smp","Smp"
"2018-07-02 08:00:00",0,12.74,23.68,0,0,0,0,0,0,0,0,0,0,"NAN","NAN","NAN","NAN","NAN","NAN"
"2018-07-02 08:10:00",1,12.75,23.6,0,0,0,0,0,0,0,0,0,0,"NAN","NAN","NAN","NAN","NAN","NAN"
"2018-07-02 08:20:00",2,12.74,23.27,0,0,0,0,0,0,0,0,0,0,"NAN","NAN","NAN","NAN","NAN","NAN"
"2018-07-02 08:30:00",3,12.73,23,0,0,0,0,0,0,0,0,0,0,"NAN","NAN","NAN","NAN","NAN","NAN"
"2018-07-02 08:40:00",4,12.73,22.79,0,0,0,0,0,0,0,0,0,0,"NAN","NAN","NAN","NAN","NAN","NAN"
"2018-07-02 08:50:00",5,12.76,22.65,0,0,0,0,0,0,0,0,0,0,"NAN","NAN","NAN","NAN","NAN","NAN"
"2018-07-02 09:00:00",6,12.74,22.67,0,0,0,0,0,0,0,0,0,0,"NAN","NAN","NAN","NAN","NAN","NAN"
"2018-07-02 09:10:00",7,12.72,22.76,0,0,0,0,0,0,0,0,0,0,"NAN","NAN","NAN","NAN","NAN","NAN"
"2018-07-02 09:20:00",8,12.73,22.83,0,0,0,0,0,0,0,0,0,0,"NAN","NAN","NAN","NAN","NAN","NAN"
"2018-07-02 09:30:00",9,12.73,22.88,0,0,0,0,0,0,0,0,0,0,"NAN","NAN","NAN","NAN","NAN","NAN"
"2018-07-02 09:40:00",10,12.72,22.91,0,0,0,0,0,0,0,0,0,0,"NAN","NAN","NAN","NAN","NAN","NAN"
"2018-07-02 09:50:00",11,12.74,22.93,0,0,0,0,0,0,0,0,0,0,"NAN","NAN","NAN","NAN","NAN","NAN"
"2018-07-02 10:00:00",12,12.74,22.95,0,0,0,0,0,0,0,0,0,0,"NAN","NAN","NAN","NAN","NAN","NAN"
"2018-07-02 10:10:00",13,12.74,22.97,0,0,0,0,0,0,0,0,0,0,"NAN","NAN","NAN","NAN","NAN","NAN"
"2018-07-02 10:20:00",14,12.74,22.98,0,0,0,0,0,0,0,0,0,0,"NAN","NAN","NAN","NAN","NAN","NAN"
"2018-07-02 10:30:00",15,12.72,22.99,0,0,0,0,0,0,0,0,0,0,"NAN","NAN","NAN","NAN","NAN","NAN"
"2018-07-02 10:40:00",16,12.72,22.99,0,0,0,0,0,0,0,0,0,0,"NAN","NAN","NAN","NAN","NAN","NAN"
"2018-07-02 10:50:00",17,12.73,23,0,0,0,0,0,0,0,0,0,0,"NAN","NAN","NAN","NAN","NAN","NAN"
"2018-07-02 11:00:00",18,12.72,23.01,0,0,0,0,0,0,0,0,0,0,"NAN","NAN","NAN","NAN","NAN","NAN"
"2018-07-02 11:10:00",19,12.7,23.01,0,0,0,0,0,0,0,0,0,0,"NAN","NAN","NAN","NAN","NAN","NAN"
"2018-07-02 11:20:00",20,12.73,23.05,0,0,0,0,0,0,0,0,0,0,"NAN","NAN","NAN","NAN","NAN","NAN"
"2018-07-02 11:30:00",21,12.74,23.08,0,0,0,0,0,0,0,0,0,0,"NAN","NAN","NAN","NAN","NAN","NAN"
"2018-07-02 11:40:00",22,12.73,23.11,0,0,0,0,0,0,0,0,0,0,"NAN","NAN","NAN","NAN","NAN","NAN"
"2018-07-02 11:50:00",23,12.72,23.11,0,0,0,0,0,0,0,0,0,0,"NAN","NAN","NAN","NAN","NAN","NAN"
"2018-07-02 12:00:00",24,12.72,23.13,0,0,0,0,0,0,0,0,0,0,"NAN","NAN","NAN","NAN","NAN","NAN"
"2018-07-02 12:10:00",25,12.71,23.14,0,0,0,0,0,0,0,0,0,0,"NAN","NAN","NAN","NAN","NAN","NAN"
"2018-07-02 12:20:00",26,12.71,23.16,0,0,0,0,0,0,0,0,0,0,"NAN","NAN","NAN","NAN","NAN","NAN"
"2018-07-02 12:30:00",27,12.72,23.16,0,0,0,0,0,0,0,0,0,0,"NAN","NAN","NAN","NAN","NAN","NAN"
"2018-07-02 12:40:00",28,12.7,23.16,0,0,0,0,0,0,0,0,0,0,"NAN","NAN","NAN","NAN","NAN","NAN"
"2018-07-02 12:50:00",29,12.69,23.18,0,0,0,0,0,0,0,0,0,0,"NAN","NAN","NAN","NAN","NAN","NAN"
"2018-07-02 13:00:00",30,12.71,23.2,0,0,0,0,0,0,0,0,0,0,"NAN","NAN","NAN","NAN","NAN","NAN"
"2018-07-02 13:10:00",31,12.71,23.22,0,0,0,0,0,0,0,0,0,0,"NAN","NAN","NAN","NAN","NAN","NAN"
"2018-07-02 13:20:00",32,12.7,23.24,0,0,0,0,0,0,0,0,0,0,"NAN","NAN","NAN","NAN","NAN","NAN"
"2018-07-02 13:30:00",33,12.69,23.27,0,0,0,0,0,0,0,0,0,0,"NAN","NAN","NAN","NAN","NAN","NAN"
"2018-07-02 13:40:00",34,12.7,23.27,0,0,0,0,0,0,0,0,0,0,"NAN","NAN","NAN","NAN","NAN","NAN"
"2018-07-02 13:50:00",35,12.72,23.29,0,0,0,0,0,0,0,0,0,0,"NAN","NAN","NAN","NAN","NAN","NAN"
"2018-07-02 14:00:00",36,12.69,23.29,0,0,0,0,0,0,0,0,0,0,"NAN","NAN","NAN","NAN","NAN","NAN"
"2018-07-02 14:10:00",37,12.72,23.29,0,0,0,0,0,0,0,0,0,0,"NAN","NAN","NAN","NAN","NAN","NAN"
"2018-07-02 14:20:00",38,12.69,23.31,0,0,0,0,0,0,0,0,0,0,"NAN","NAN","NAN","NAN","NAN","NAN"
"2018-07-02 14:30:00",39,12.7,23.32,0,0,0,0,0,0,0,0,0,0,"NAN","NAN","NAN","NAN","NAN","NAN"
"2018-07-02 14:40:00",40,12.71,23.34,0,0,0,0,0,0,0,0,0,0,"NAN","NAN","NAN","NAN","NAN","NAN"
"2018-07-02 14:50:00",41,12.71,23.33,0,0,0,0,0,0,0,0,0,0,"NAN","NAN","NAN","NAN","NAN","NAN"
"2018-07-02 15:00:00",42,12.7,23.33,0,0,0,0,0,0,0,0,0,0,"NAN","NAN","NAN","NAN","NAN","NAN"
"2018-07-02 15:10:00",43,12.7,23.35,0,0,0,0,0,0,0,0,0,0,"NAN","NAN","NAN","NAN","NAN","NAN"
"2018-07-02 15:20:00",44,12.7,23.35,0,0,0,0,0,0,0,0,0,0,"NAN","NAN","NAN","NAN","NAN","NAN"
"2018-07-02 15:30:00",45,12.69,23.37,0,0,0,0,0,0,0,0,0,0,"NAN","NAN","NAN","NAN","NAN","NAN"
"2018-07-02 15:40:00",46,12.69,23.4,0,0,0,0,0,0,0,0,0,0,"NAN","NAN","NAN","NAN","NAN","NAN"
"2018-07-02 15:50:00",47,12.69,23.41,0,0,0,0,0,0,0,0,0,0,"NAN","NAN","NAN","NAN","NAN","NAN"
"2018-07-02 16:00:00",48,12.68,23.43,0,0,0,0,0,0,0,0,0,0,"NAN","NAN","NAN","NAN","NAN","NAN"
"2018-07-02 16:10:00",49,12.7,23.43,0,0,0,0,0,0,0,0,0,0,"NAN","NAN","NAN","NAN","NAN","NAN"
"2018-07-02 16:20:00",50,12.69,23.43,0,0,0,0,0,0,0,0,0,0,"NAN","NAN","NAN","NAN","NAN","NAN"
"2018-07-02 16:30:00",51,12.7,23.46,0,0,0,0,0,0,0,0,0,0,"NAN","NAN","NAN","NAN","NAN","NAN"
"2018-07-02 16:40:00",52,12.69,23.54,0,0,0,0,0,0,0,0,0,0,"NAN","NAN","NAN","NAN","NAN","NAN"
"2018-07-02 16:50:00",53,12.69,23.59,0,0,0,0,0,0,0,0,0,0,"NAN","NAN","NAN","NAN","NAN","NAN"
"2018-07-02 17:00:00",54,12.69,23.65,0,0,0,0,0,0,0,0,0,0,"NAN","NAN","NAN","NAN","NAN","NAN"
"2018-07-02 17:10:00",55,12.7,23.69,0,0,0,0,0,0,0,0,0,0,"NAN","NAN","NAN","NAN","NAN","NAN"
"2018-07-02 17:20:00",56,12.68,23.71,0,0,0,0,0,0,0,0,0,0,"NAN","NAN","NAN","NAN","NAN","NAN"
"2018-07-02 17:30:00",57,12.69,23.75,0,0,0,0,0,0,0,0,0,0,"NAN","NAN","NAN","NAN","NAN","NAN"
"2018-07-02 17:40:00",58,12.69,23.78,0,0,0,0,0,0,0,0,0,0,"NAN","NAN","NAN","NAN","NAN","NAN"
"2018-07-02 17:50:00",59,12.69,23.77,0,0,0,0,0,0,0,0,0,0,"NAN","NAN","NAN","NAN","NAN","NAN"
"2018-07-02 18:00:00",60,12.68,23.71,0,0,0,0,0,0,0,0,0,0,"NAN","NAN","NAN","NAN","NAN","NAN"
"2018-07-02 18:10:00",61,12.69,23.66,0,0,0,0,0,0,0,0,0,0,"NAN","NAN","NAN","NAN","NAN","NAN"
"2018-07-02 18:20:00",62,12.68,23.59,0,0,0,0,0,0,0,0,0,0,"NAN","NAN","NAN","NAN","NAN","NAN"
"2018-07-02 18:30:00",63,12.69,23.54,0,0,0,0,0,0,0,0,0,0,"NAN","NAN","NAN","NAN","NAN","NAN"
"2018-07-02 18:40:00",64,12.7,23.5,0,0,0,0,0,0,0,0,0,0,"NAN","NAN","NAN","NAN","NAN","NAN"
"2018-07-02 18:50:00",65,12.69,23.47,0,0,0,0,0,0,0,0,0,0,"NAN","NAN","NAN","NAN","NAN","NAN"
"2018-07-02 19:00:00",66,12.69,23.45,0,0,0,0,0,0,0,0,0,0,"NAN","NAN","NAN","NAN","NAN","NAN"
"2018-07-02 19:10:00",67,12.71,23.42,0,0,0,0,0,0,0,0,0,0,"NAN","NAN","NAN","NAN","NAN","NAN"
"2018-07-02 19:20:00",68,12.69,23.39,0,0,0,0,0,0,0,0,0,0,"NAN","NAN","NAN","NAN","NAN","NAN"
"2018-07-02 19:30:00",69,12.7,23.36,0,0,0,0,0,0,0,0,0,0,"NAN","NAN","NAN","NAN","NAN","NAN"
"2018-07-02 19:40:00",70,12.69,23.33,0,0,0,0,0,0,0,0,0,0,"NAN","NAN","NAN","NAN","NAN","NAN"
"2018-07-02 19:50:00",71,12.69,23.3,0,0,0,0,0,0,0,0,0,0,"NAN","NAN","NAN","NAN","NAN","NAN"
"2018-07-02 20:00:00",72,12.68,23.28,0,0,0,0,0,0,0,0,0,0,"NAN","NAN","NAN","NAN","NAN","NAN"
"2018-07-02 20:10:00",73,12.7,23.28,0,0,0,0,0,0,0,0,0,0,"NAN","NAN","NAN","NAN","NAN","NAN"
"2018-07-02 20:20:00",74,12.69,23.28,0,0,0,0,0,0,0,0,0,0,"NAN","NAN","NAN","NAN","NAN","NAN"
"2018-07-02 20:30:00",75,12.69,23.28,0,0,0,0,0,0,0,0,0,0,"NAN","NAN","NAN","NAN","NAN","NAN"
"2018-07-02 20:40:00",76,12.69,23.28,0,0,0,0,0,0,0,0,0,0,"NAN","NAN","NAN","NAN","NAN","NAN"
"2018-07-02 20:50:00",77,12.69,23.28,0,0,0,0,0,0,0,0,0,0,"NAN","NAN","NAN","NAN","NAN","NAN"
"2018-07-02 21:00:00",78,12.69,23.27,0,0,0,0,0,0,0,0,0,0,"NAN","NAN","NAN","NAN","NAN","NAN"
"2018-07-02 21:10:00",79,12.69,23.26,0,0,0,0,0,0,0,0,0,0,"NAN","NAN","NAN","NAN","NAN","NAN"
"2018-07-02 21:20:00",80,12.69,23.25,0,0,0,0,0,0,0,0,0,0,"NAN","NAN","NAN","NAN","NAN","NAN"
"2018-07-02 21:30:00",81,12.7,23.24,0,0,0,0,0,0,0,0,0,0,"NAN","NAN","NAN","NAN","NAN","NAN"
"2018-07-02 21:40:00",82,12.7,23.22,0,0,0,0,0,0,0,0,0,0,"NAN","NAN","NAN","NAN","NAN","NAN"
"2018-07-02 21:50:00",83,12.68,23.2,0,0,0,0,0,0,0,0,0,0,"NAN","NAN","NAN","NAN","NAN","NAN"
"2018-07-02 22:00:00",84,12.68,23.2,0,0,0,0,0,0,0,0,0,0,"NAN","NAN","NAN","NAN","NAN","NAN"
"2018-07-02 22:10:00",85,12.68,23.19,0,0,0,0,0,0,0,0,0,0,"NAN","NAN","NAN","NAN","NAN","NAN"
"2018-07-02 22:20:00",86,12.69,23.17,0,0,0,0,0,0,0,0,0,0,"NAN","NAN","NAN","NAN","NAN","NAN"
"2018-07-02 22:30:00",87,12.69,23.16,0,0,0,0,0,0,0,0,0,0,"NAN","NAN","NAN","NAN","NAN","NAN"
"2018-07-02 22:40:00",88,12.69,23.14,0,0,0,0,0,0,0,0,0,0,"NAN","NAN","NAN","NAN","NAN","NAN"
"2018-07-02 22:50:00",89,12.7,23.12,0,0,0,0,0,0,0,0,0,0,"NAN","NAN","NAN","NAN","NAN","NAN"
"2018-07-02 23:00:00",90,12.69,23.1,0,0,0,0,0,0,0,0,0,0,"NAN","NAN","NAN","NAN","NAN","NAN"
"2018-07-02 23:10:00",91,12.68,23.08,0,0,0,0,0,0,0,0,0,0,"NAN","NAN","NAN","NAN","NAN","NAN"
"2018-07-02 23:20:00",92,12.69,23.11,0,0,0,0,0,0,0,0,0,0,"NAN","NAN","NAN","NAN","NAN","NAN"
"2018-07-02 23:30:00",93,12.69,23.1,0,0,0,0,0,0,0,0,0,0,"NAN","NAN","NAN","NAN","NAN","NAN"
"2018-07-02 23:40:00",94,12.69,23.08,0,0,0,0,0,0,0,0,0,0,"NAN","NAN","NAN","NAN","NAN","NAN"
"2018-07-02 23:50:00",95,12.69,23.07,0,0,0,0,0,0,0,0,0,0,"NAN","NAN","NAN","NAN","NAN","NAN"
"2018-07-03 00:00:00",96,12.69,23.06,0,0,0,0,0,0,0,0,0,0,"NAN","NAN","NAN","NAN","NAN","NAN"
"2018-07-03 00:10:00",97,12.69,23.06,0,0,0,0,0,0,0,0,0,0,"NAN","NAN","NAN","NAN","NAN","NAN"
"2018-07-03 00:20:00",98,12.7,23.06,0,0,0,0,0,0,0,0,0,0,"NAN","NAN","NAN","NAN","NAN","NAN"
"2018-07-03 00:30:00",99,12.7,23.06,0,0,0,0,0,0,0,0,0,0,"NAN","NAN","NAN","NAN","NAN","NAN"
"2018-07-03 00:40:00",100,12.68,23.04,0,0,0,0,0,0,0,0,0,0,"NAN","NAN","NAN","NAN","NAN","NAN"
"2018-07-03 00:50:00",101,12.69,23.03,0,0,0,0,0,0,0,0,0,0,"NAN","NAN","NAN","NAN","NAN","NAN"
"2018-07-03 01:00:00",102,12.7,23.02,0,0,0,0,0,0,0,0,0,0,"NAN","NAN","NAN","NAN","NAN","NAN"
"2018-07-03 01:10:00",103,12.69,23.01,0,0,0,0,0,0,0,0,0,0,"NAN","NAN","NAN","NAN","NAN","NAN"
"2018-07-03 01:20:00",104,12.69,22.99,0,0,0,0,0,0,0,0,0,0,"NAN","NAN","NAN","NAN","NAN","NAN"
"2018-07-03 01:30:00",105,12.68,22.98,0,0,0,0,0,0,0,0,0,0,"NAN","NAN","NAN","NAN","NAN","NAN"
"2018-07-03 01:40:00",106,12.69,22.96,0,0,0,0,0,0,0,0,0,0,"NAN","NAN","NAN","NAN","NAN","NAN"
"2018-07-03 01:50:00",107,12.69,22.96,0,0,0,0,0,0,0,0,0,0,"NAN","NAN","NAN","NAN","NAN","NAN"
"2018-07-03 02:00:00",108,12.69,22.95,0,0,0,0,0,0,0,0,0,0,"NAN","NAN","NAN","NAN","NAN","NAN"
"2018-07-03 02:10:00",109,12.68,22.95,0,0,0,0,0,0,0,0,0,0,"NAN","NAN","NAN","NAN","NAN","NAN"
"2018-07-03 02:20:00",110,12.68,22.94,0,0,0,0,0,0,0,0,0,0,"NAN","NAN","NAN","NAN","NAN","NAN"
"2018-07-03 02:30:00",111,12.69,22.93,0,0,0,0,0,0,0,0,0,0,"NAN","NAN","NAN","NAN","NAN","NAN"
"2018-07-03 02:40:00",112,12.68,22.91,0,0,0,0,0,0,0,0,0,0,"NAN","NAN","NAN","NAN","NAN","NAN"
"2018-07-03 02:50:00",113,12.68,22.91,0,0,0,0,0,0,0,0,0,0,"NAN","NAN","NAN","NAN","NAN","NAN"
"2018-07-03 03:00:00",114,12.66,22.91,0,0,0,0,0,0,0,0,0,0,"NAN","NAN","NAN","NAN","NAN","NAN"
"2018-07-03 03:10:00",115,12.69,22.91,0,0,0,0,0,0,0,0,0,0,"NAN","NAN","NAN","NAN","NAN","NAN"
"2018-07-03 03:20:00",116,12.69,22.9,0,0,0,0,0,0,0,0,0,0,"NAN","NAN","NAN","NAN","NAN","NAN"
"2018-07-03 03:30:00",117,12.69,22.88,0,0,0,0,0,0,0,0,0,0,"NAN","NAN","NAN","NAN","NAN","NAN"
"2018-07-03 03:40:00",118,12.68,22.87,0,0,0,0,0,0,0,0,0,0,"NAN","NAN","NAN","NAN","NAN","NAN"
"2018-07-03 03:50:00",119,12.67,22.85,0,0,0,0,0,0,0,0,0,0,"NAN","NAN","NAN","NAN","NAN","NAN"
"2018-07-03 04:00:00",120,12.7,22.84,0,0,0,0,0,0,0,0,0,0,"NAN","NAN","NAN","NAN","NAN","NAN"
"2018-07-03 04:10:00",121,12.67,22.84,0,0,0,0,0,0,0,0,0,0,"NAN","NAN","NAN","NAN","NAN","NAN"
"2018-07-03 04:20:00",122,12.68,22.83,0,0,0,0,0,0,0,0,0,0,"NAN","NAN","NAN","NAN","NAN","NAN"
"2018-07-03 04:30:00",123,12.67,22.82,0,0,0,0,0,0,0,0,0,0,"NAN","NAN","NAN","NAN","NAN","NAN"
"2018-07-03 04:40:00",124,12.69,22.81,0,0,0,0,0,0,0,0,0,0,"NAN","NAN","NAN","NAN","NAN","NAN"
"2018-07-03 04:50:00",125,12.67,22.79,0,0,0,0,0,0,0,0,0,0,"NAN","NAN","NAN","NAN","NAN","NAN"
"2018-07-03 05:00:00",126,12.67,22.77,0,0,0,0,0,0,0,0,0,0,"NAN","NAN","NAN","NAN","NAN","NAN"
"2018-07-03 05:10:00",127,12.67,22.76,0,0,0,0,0,0,0,0,0,0,"NAN","NAN","NAN","NAN","NAN","NAN"
"2018-07-03 05:20:00",128,12.68,22.74,0,0,0,0,0,0,0,0,0,0,"NAN","NAN","NAN","NAN","NAN","NAN"
"2018-07-03 05:30:00",129,12.66,22.73,0,0,0,0,0,0,0,0,0,0,"NAN","NAN","NAN","NAN","NAN","NAN"
"2018-07-03 05:40:00",130,12.67,22.72,0,0,0,0,0,0,0,0,0,0,"NAN","NAN","NAN","NAN","NAN","NAN"
"2018-07-03 05:50:00",131,12.66,22.72,0,0,0,0,0,0,0,0,0,0,"NAN","NAN","NAN","NAN","NAN","NAN"
"2018-07-03 06:00:00",132,12.67,22.72,0,0,0,0,0,0,0,0,0,0,"NAN","NAN","NAN","NAN","NAN","NAN"
"2018-07-03 06:10:00",133,12.66,22.72,0,0,0,0,0,0,0,0,0,0,"NAN","NAN","NAN","NAN","NAN","NAN"
"2018-07-03 06:20:00",134,12.67,22.7,0,0,0,0,0,0,0,0,0,0,"NAN","NAN","NAN","NAN","NAN","NAN"
"2018-07-03 06:30:00",135,12.66,22.7,0,0,0,0,0,0,0,0,0,0,"NAN","NAN","NAN","NAN","NAN","NAN"
"2018-07-03 06:40:00",136,12.65,22.68,0,0,0,0,0,0,0,0,0,0,"NAN","NAN","NAN","NAN","NAN","NAN"
"2018-07-03 06:50:00",137,12.66,22.66,0,0,0,0,0,0,0,0,0,0,"NAN","NAN","NAN","NAN","NAN","NAN"
"2018-07-03 07:00:00",138,12.67,22.67,0,0,0,0,0,0,0,0,0,0,"NAN","NAN","NAN","NAN","NAN","NAN"
"2018-07-03 07:10:00",139,12.66,22.65,0,0,0,0,0,0,0,0,0,0,"NAN","NAN","NAN","NAN","NAN","NAN"
"2018-07-03 07:20:00",140,12.66,22.66,0,0,0,0,0,0,0,0,0,0,"NAN","NAN","NAN","NAN","NAN","NAN"
"2018-07-03 07:30:00",141,12.66,22.68,0,0,0,0,0,0,0,0,0,0,"NAN","NAN","NAN","NAN","NAN","NAN"
"2018-07-03 07:40:00",142,12.65,22.7,0,0,0,0,0,0,0,0,0,0,"NAN","NAN","NAN","NAN","NAN","NAN"
"2018-07-03 07:50:00",143,12.66,22.71,0,0,0,0,0,0,0,0,0,0,"NAN","NAN","NAN","NAN","NAN","NAN"
"2018-07-03 08:00:00",144,12.63,22.71,0,0,0,0,0,0,0,0,0,0,"NAN","NAN","NAN","NAN","NAN","NAN"
"2018-07-03 08:10:00",145,12.65,22.72,0,0,0,0,0,0,0,0,0,0,"NAN","NAN","NAN","NAN","NAN","NAN"
"2018-07-03 08:20:00",146,12.66,22.75,0,0,0,0,0,0,0,0,0,0,"NAN","NAN","NAN","NAN","NAN","NAN"
"2018-07-03 08:30:00",147,12.65,22.85,0,0,0,0,0,0,0,0,0,0,"NAN","NAN","NAN","NAN","NAN","NAN"
"2018-07-03 08:40:00",148,12.65,22.93,0,0,0,0,0,0,0,0,0,0,"NAN","NAN","NAN","NAN","NAN","NAN"
"2018-07-03 08:50:00",149,12.65,22.99,0,0,0,0,0,0,0,0,0,0,"NAN","NAN","NAN","NAN","NAN","NAN"
"2018-07-03 09:00:00",150,12.66,23.04,0,0,0,0,0,0,0,0,0,0,"NAN","NAN","NAN","NAN","NAN","NAN"
"2018-07-03 09:10:00",151,12.66,23.06,0,0,0,0,0,0,0,0,0,0,"NAN","NAN","NAN","NAN","NAN","NAN"
"2018-07-03 09:20:00",152,12.65,23.07,0,0,0,0,0,0,0,0,0,0,"NAN","NAN","NAN","NAN","NAN","NAN"
"2018-07-03 09:30:00",153,12.65,23.08,0,0,0,0,0,0,0,0,0,0,"NAN","NAN","NAN","NAN","NAN","NAN"
"2018-07-03 09:40:00",154,12.64,23.08,0,0,0,0,0,0,0,0,0,0,"NAN","NAN","NAN","NAN","NAN","NAN"
"2018-07-03 09:50:00",155,12.65,23.11,0,0,0,0,0,0,0,0,0,0,"NAN","NAN","NAN","NAN","NAN","NAN"
"2018-07-03 10:00:00",156,12.66,23.13,0,0,0,0,0,0,0,0,0,0,"NAN","NAN","NAN","NAN","NAN","NAN"
"2018-07-03 10:10:00",157,12.66,23.18,0,0,0,0,0,0,0,0,0,0,"NAN","NAN","NAN","NAN","NAN","NAN"
"2018-07-03 10:20:00",158,12.66,23.28,0,0,0,0,0,0,0,0,0,0,"NAN","NAN","NAN","NAN","NAN","NAN"
"2018-07-03 10:30:00",159,12.65,23.36,0,0,0,0,0,0,0,0,0,0,"NAN","NAN","NAN","NAN","NAN","NAN"
"2018-07-03 10:40:00",160,12.65,23.42,0,0,0,0,0,0,0,0,0,0,"NAN","NAN","NAN","NAN","NAN","NAN"
"2018-07-03 10:50:00",161,12.65,23.46,0,0,0,0,0,0,0,0,0,0,"NAN","NAN","NAN","NAN","NAN","NAN"
"2018-07-03 11:00:00",162,12.65,23.52,0,0,0,0,0,0,0,0,0,0,"NAN","NAN","NAN","NAN","NAN","NAN"
"2018-07-03 11:10:00",163,12.65,23.61,0,0,0,0,0,0,0,0,0,0,"NAN","NAN","NAN","NAN","NAN","NAN"
"2018-07-03 11:20:00",164,12.65,23.7,0,0,0,0,0,0,0,0,0,0,"NAN","NAN","NAN","NAN","NAN","NAN"
"2018-07-03 11:30:00",165,12.66,23.75,0,0,0,0,0,0,0,0,0,0,"NAN","NAN","NAN","NAN","NAN","NAN"
"2018-07-03 11:40:00",166,12.65,23.79,0,0,0,0,0,0,0,0,0,0,"NAN","NAN","NAN","NAN","NAN","NAN"
"2018-07-03 11:50:00",167,12.66,23.84,0,0,0,0,0,0,0,0,0,0,"NAN","NAN","NAN","NAN","NAN","NAN"
"2018-07-03 12:00:00",168,12.66,23.9,0,0,0,0,0,0,0,0,0,0,"NAN","NAN","NAN","NAN","NAN","NAN"
"2018-07-03 12:10:00",169,12.66,23.99,0,0,0,0,0,0,0,0,0,0,"NAN","NAN","NAN","NAN","NAN","NAN"
"2018-07-03 12:20:00",170,12.65,24.1,0,0,0,0,0,0,0,0,0,0,"NAN","NAN","NAN","NAN","NAN","NAN"
"2018-07-03 12:30:00",171,12.67,24.2,0,0,0,0,0,0,0,0,0,0,"NAN","NAN","NAN","NAN","NAN","NAN"
"2018-07-03 12:40:00",172,12.66,24.28,0,0,0,0,0,0,0,0,0,0,"NAN","NAN","NAN","NAN","NAN","NAN"
"2018-07-03 12:50:00",173,12.66,24.32,0,0,0,0,0,0,0,0,0,0,"NAN","NAN","NAN","NAN","NAN","NAN"
"2018-07-03 13:00:00",174,12.66,24.31,0,0,0,0,0,0,0,0,0,0,"NAN","NAN","NAN","NAN","NAN","NAN"
"2018-07-03 13:10:00",175,12.64,24.29,0,0,0,0,0,0,0,0,0,0,"NAN","NAN","NAN","NAN","NAN","NAN"
"2018-07-03 13:20:00",176,12.63,24.28,0,0,0,0,0,0,0,0,0,0,"NAN","NAN","NAN","NAN","NAN","NAN"
"2018-07-03 13:30:00",177,12.63,24.26,0,0,0,0,0,0,0,0,0,0,"NAN","NAN","NAN","NAN","NAN","NAN"
"2018-07-03 13:40:00",178,12.65,24.25,0,0,0,0,0,0,0,0,0,0,"NAN","NAN","NAN","NAN","NAN","NAN"
"2018-07-03 13:50:00",179,12.63,24.24,0,0,0,0,0,0,0,0,0,0,"NAN","NAN","NAN","NAN","NAN","NAN"
"2018-07-03 14:00:00",180,12.65,24.24,0,0,0,0,0,0,0,0,0,0,"NAN","NAN","NAN","NAN","NAN","NAN"
"2018-07-03 14:10:00",181,12.65,24.24,0,0,0,0,0,0,0,0,0,0,"NAN","NAN","NAN","NAN","NAN","NAN"
"2018-07-03 14:20:00",182,12.64,24.23,0,0,0,0,0,0,0,0,0,0,"NAN","NAN","NAN","NAN","NAN","NAN"
"2018-07-03 14:30:00",183,12.65,24.29,0,0,0,0,0,0,0,0,0,0,"NAN","NAN","NAN","NAN","NAN","NAN"
"2018-07-03 14:40:00",184,12.65,24.3,0,0,0,0,0,0,0,0,0,0,"NAN","NAN","NAN","NAN","NAN","NAN"
"2018-07-03 14:50:00",185,12.65,24.3,0,0,0,0,0,0,0,0,0,0,"NAN","NAN","NAN","NAN","NAN","NAN"
"2018-07-03 15:00:00",186,12.66,24.3,0,0,0,0,0,0,0,0,0,0,"NAN","NAN","NAN","NAN","NAN","NAN"
"2018-07-03 15:10:00",187,12.65,24.32,0,0,0,0,0,0,0,0,0,0,"NAN","NAN","NAN","NAN","NAN","NAN"
"2018-07-03 15:20:00",188,12.64,24.35,0,0,0,0,0,0,0,0,0,0,"NAN","NAN","NAN","NAN","NAN","NAN"
"2018-07-03 15:30:00",189,12.66,24.32,0,0,0,0,0,0,0,0,0,0,"NAN","NAN","NAN","NAN","NAN","NAN"
"2018-07-03 15:40:00",190,12.65,24.35,0,0,0,0,0,0,0,0,0,0,"NAN","NAN","NAN","NAN","NAN","NAN"
"2018-07-03 15:50:00",191,12.66,24.33,0,0,0,0,0,0,0,0,0,0,"NAN","NAN","NAN","NAN","NAN","NAN"
"2018-07-03 16:00:00",192,12.65,24.3,0,0,0,0,0,0,0,0,0,0,"NAN","NAN","NAN","NAN","NAN","NAN"
"2018-07-03 16:10:00",193,12.64,24.28,0,0,0,0,0,0,0,0,0,0,"NAN","NAN","NAN","NAN","NAN","NAN"
"2018-07-03 16:20:00",194,12.65,24.27,0,0,0,0,0,0,0,0,0,0,"NAN","NAN","NAN","NAN","NAN","NAN"
"2018-07-03 16:30:00",195,12.65,24.27,0,0,0,0,0,0,0,0,0,0,"NAN","NAN","NAN","NAN","NAN","NAN"
"2018-07-03 16:40:00",196,12.65,24.26,0,0,0,0,0,0,0,0,0,0,"NAN","NAN","NAN","NAN","NAN","NAN"
"2018-07-03 16:50:00",197,12.66,24.26,0,0,0,0,0,0,0,0,0,0,"NAN","NAN","NAN","NAN","NAN","NAN"
"2018-07-03 17:00:00",198,12.65,24.26,0,0,0,0,0,0,0,0,0,0,"NAN","NAN","NAN","NAN","NAN","NAN"
"2018-07-03 17:10:00",199,12.65,24.25,0,0,0,0,0,0,0,0,0,0,"NAN","NAN","NAN","NAN","NAN","NAN"
"2018-07-03 17:20:00",200,12.64,24.22,0,0,0,0,0,0,0,0,0,0,"NAN","NAN","NAN","NAN","NAN","NAN"
"2018-07-03 17:30:00",201,12.65,24.16,0,0,0,0,0,0,0,0,0,0,"NAN","NAN","NAN","NAN","NAN","NAN"
"2018-07-03 17:40:00",202,12.65,24.1,0,0,0,0,0,0,0,0,0,0,"NAN","NAN","NAN","NAN","NAN","NAN"
"2018-07-03 17:50:00",203,12.64,24.07,0,0,0,0,0,0,0,0,0,0,"NAN","NAN","NAN","NAN","NAN","NAN"
"2018-07-03 18:00:00",204,12.64,24.04,0,0,0,0,0,0,0,0,0,0,"NAN","NAN","NAN","NAN","NAN","NAN"
"2018-07-03 18:10:00",205,12.64,24,0,0,0,0,0,0,0,0,0,0,"NAN","NAN","NAN","NAN","NAN","NAN"
"2018-07-03 18:20:00",206,12.65,23.97,0,0,0,0,0,0,0,0,0,0,"NAN","NAN","NAN","NAN","NAN","NAN"
"2018-07-03 18:30:00",207,12.64,23.94,0,0,0,0,0,0,0,0,0,0,"NAN","NAN","NAN","NAN","NAN","NAN"
"2018-07-03 18:40:00",208,12.65,23.91,0,0,0,0,0,0,0,0,0,0,"NAN","NAN","NAN","NAN","NAN","NAN"
"2018-07-03 18:50:00",209,12.66,23.89,0,0,0,0,0,0,0,0,0,0,"NAN","NAN","NAN","NAN","NAN","NAN"
"2018-07-03 19:00:00",210,12.63,23.88,0,0,0,0,0,0,0,0,0,0,"NAN","NAN","NAN","NAN","NAN","NAN"
"2018-07-03 19:10:00",211,12.65,23.87,0,0,0,0,0,0,0,0,0,0,"NAN","NAN","NAN","NAN","NAN","NAN"
"2018-07-03 19:20:00",212,12.64,23.86,0,0,0,0,0,0,0,0,0,0,"NAN","NAN","NAN","NAN","NAN","NAN"
"2018-07-03 19:30:00",213,12.65,23.85,0,0,0,0,0,0,0,0,0,0,"NAN","NAN","NAN","NAN","NAN","NAN"
"2018-07-03 19:40:00",214,12.65,23.85,0,0,0,0,0,0,0,0,0,0,"NAN","NAN","NAN","NAN","NAN","NAN"
"2018-07-03 19:50:00",215,12.64,23.84,0,0,0,0,0,0,0,0,0,0,"NAN","NAN","NAN","NAN","NAN","NAN"
"2018-07-03 20:00:00",216,12.63,23.83,0,0,0,0,0,0,0,0,0,0,"NAN","NAN","NAN","NAN","NAN","NAN"
"2018-07-03 20:10:00",217,12.64,23.83,0,0,0,0,0,0,0,0,0,0,"NAN","NAN","NAN","NAN","NAN","NAN"
"2018-07-03 20:20:00",218,12.64,23.82,0,0,0,0,0,0,0,0,0,0,"NAN","NAN","NAN","NAN","NAN","NAN"
"2018-07-03 20:30:00",219,12.65,23.82,0,0,0,0,0,0,0,0,0,0,"NAN","NAN","NAN","NAN","NAN","NAN"
"2018-07-03 20:40:00",220,12.64,23.82,0,0,0,0,0,0,0,0,0,0,"NAN","NAN","NAN","NAN","NAN","NAN"
"2018-07-03 20:50:00",221,12.64,23.8,0,0,0,0,0,0,0,0,0,0,"NAN","NAN","NAN","NAN","NAN","NAN"
"2018-07-03 21:00:00",222,12.62,23.78,0,0,0,0,0,0,0,0,0,0,"NAN","NAN","NAN","NAN","NAN","NAN"
"2018-07-03 21:10:00",223,12.63,23.75,0,0,0,0,0,0,0,0,0,0,"NAN","NAN","NAN","NAN","NAN","NAN"
"2018-07-03 21:20:00",224,12.62,23.74,0,0,0,0,0,0,0,0,0,0,"NAN","NAN","NAN","NAN","NAN","NAN"
"2018-07-03 21:30:00",225,12.62,23.73,0,0,0,0,0,0,0,0,0,0,"NAN","NAN","NAN","NAN","NAN","NAN"
"2018-07-03 21:40:00",226,12.63,23.72,0,0,0,0,0,0,0,0,0,0,"NAN","NAN","NAN","NAN","NAN","NAN"
"2018-07-03 21:50:00",227,12.63,23.7,0,0,0,0,0,0,0,0,0,0,"NAN","NAN","NAN","NAN","NAN","NAN"
"2018-07-03 22:00:00",228,12.63,23.68,0,0,0,0,0,0,0,0,0,0,"NAN","NAN","NAN","NAN","NAN","NAN"
"2018-07-03 22:10:00",229,12.62,23.66,0,0,0,0,0,0,0,0,0,0,"NAN","NAN","NAN","NAN","NAN","NAN"
"2018-07-03 22:20:00",230,12.61,23.66,0,0,0,0,0,0,0,0,0,0,"NAN","NAN","NAN","NAN","NAN","NAN"
"2018-07-03 22:30:00",231,12.63,23.62,0,0,0,0,0,0,0,0,0,0,"NAN","NAN","NAN","NAN","NAN","NAN"
"2018-07-03 22:40:00",232,12.61,23.61,0,0,0,0,0,0,0,0,0,0,"NAN","NAN","NAN","NAN","NAN","NAN"
"2018-07-03 22:50:00",233,12.61,23.61,0,0,0,0,0,0,0,0,0,0,"NAN","NAN","NAN","NAN","NAN","NAN"
"2018-07-03 23:00:00",234,12.61,23.61,0,0,0,0,0,0,0,0,0,0,"NAN","NAN","NAN","NAN","NAN","NAN"
"2018-07-03 23:10:00",235,12.6,23.6,0,0,0,0,0,0,0,0,0,0,"NAN","NAN","NAN","NAN","NAN","NAN"
"2018-07-03 23:20:00",236,12.6,23.59,0,0,0,0,0,0,0,0,0,0,"NAN","NAN","NAN","NAN","NAN","NAN"
"2018-07-03 23:30:00",237,12.6,23.58,0,0,0,0,0,0,0,0,0,0,"NAN","NAN","NAN","NAN","NAN","NAN"
"2018-07-03 23:40:00",238,12.62,23.55,0,0,0,0,0,0,0,0,0,0,"NAN","NAN","NAN","NAN","NAN","NAN"
"2018-07-03 23:50:00",239,12.61,23.54,0,0,0,0,0,0,0,0,0,0,"NAN","NAN","NAN","NAN","NAN","NAN"
"2018-07-04 00:00:00",240,12.61,23.52,0,0,0,0,0,0,0,0,0,0,"NAN","NAN","NAN","NAN","NAN","NAN"
"2018-07-04 00:10:00",241,12.62,23.51,0,0,0,0,0,0,0,0,0,0,"NAN","NAN","NAN","NAN","NAN","NAN"
"2018-07-04 00:20:00",242,12.6,23.5,0,0,0,0,0,0,0,0,0,0,"NAN","NAN","NAN","NAN","NAN","NAN"
"2018-07-04 00:30:00",243,12.61,23.48,0,0,0,0,0,0,0,0,0,0,"NAN","NAN","NAN","NAN","NAN","NAN"
"2018-07-04 00:40:00",244,12.61,23.46,0,0,0,0,0,0,0,0,0,0,"NAN","NAN","NAN","NAN","NAN","NAN"
"2018-07-04 00:50:00",245,12.61,23.46,0,0,0,0,0,0,0,0,0,0,"NAN","NAN","NAN","NAN","NAN","NAN"
"2018-07-04 01:00:00",246,12.61,23.45,0,0,0,0,0,0,0,0,0,0,"NAN","NAN","NAN","NAN","NAN","NAN"
"2018-07-04 01:10:00",247,12.61,23.43,0,0,0,0,0,0,0,0,0,0,"NAN","NAN","NAN","NAN","NAN","NAN"
"2018-07-04 01:20:00",248,12.6,23.45,0,0,0,0,0,0,0,0,0,0,"NAN","NAN","NAN","NAN","NAN","NAN"
"2018-07-04 01:30:00",249,12.61,23.46,0,0,0,0,0,0,0,0,0,0,"NAN","NAN","NAN","NAN","NAN","NAN"
"2018-07-04 01:40:00",250,12.61,23.46,0,0,0,0,0,0,0,0,0,0,"NAN","NAN","NAN","NAN","NAN","NAN"
"2018-07-04 01:50:00",251,12.62,23.45,0,0,0,0,0,0,0,0,0,0,"NAN","NAN","NAN","NAN","NAN","NAN"
"2018-07-04 02:00:00",252,12.61,23.43,0,0,0,0,0,0,0,0,0,0,"NAN","NAN","NAN","NAN","NAN","NAN"
"2018-07-04 02:10:00",253,12.6,23.42,0,0,0,0,0,0,0,0,0,0,"NAN","NAN","NAN","NAN","NAN","NAN"
"2018-07-04 02:20:00",254,12.61,23.41,0,0,0,0,0,0,0,0,0,0,"NAN","NAN","NAN","NAN","NAN","NAN"
"2018-07-04 02:30:00",255,12.62,23.41,0,0,0,0,0,0,0,0,0,0,"NAN","NAN","NAN","NAN","NAN","NAN"
"2018-07-04 02:40:00",256,12.61,23.39,0,0,0,0,0,0,0,0,0,0,"NAN","NAN","NAN","NAN","NAN","NAN"
"2018-07-04 02:50:00",257,12.61,23.37,0,0,0,0,0,0,0,0,0,0,"NAN","NAN","NAN","NAN","NAN","NAN"
"2018-07-04 03:00:00",258,12.61,23.35,0,0,0,0,0,0,0,0,0,0,"NAN","NAN","NAN","NAN","NAN","NAN"
"2018-07-04 03:10:00",259,12.62,23.34,0,0,0,0,0,0,0,0,0,0,"NAN","NAN","NAN","NAN","NAN","NAN"
"2018-07-04 03:20:00",260,12.62,23.34,0,0,0,0,0,0,0,0,0,0,"NAN","NAN","NAN","NAN","NAN","NAN"
"2018-07-04 03:30:00",261,12.6,23.31,0,0,0,0,0,0,0,0,0,0,"NAN","NAN","NAN","NAN","NAN","NAN"
"2018-07-04 03:40:00",262,12.61,23.3,0,0,0,0,0,0,0,0,0,0,"NAN","NAN","NAN","NAN","NAN","NAN"
"2018-07-04 03:50:00",263,12.62,23.29,0,0,0,0,0,0,0,0,0,0,"NAN","NAN","NAN","NAN","NAN","NAN"
"2018-07-04 04:00:00",264,12.61,23.3,0,0,0,0,0,0,0,0,0,0,"NAN","NAN","NAN","NAN","NAN","NAN"
"2018-07-04 04:10:00",265,12.61,23.3,0,0,0,0,0,0,0,0,0,0,"NAN","NAN","NAN","NAN","NAN","NAN"
"2018-07-04 04:20:00",266,12.61,23.29,0,0,0,0,0,0,0,0,0,0,"NAN","NAN","NAN","NAN","NAN","NAN"
"2018-07-04 04:30:00",267,12.6,23.28,0,0,0,0,0,0,0,0,0,0,"NAN","NAN","NAN","NAN","NAN","NAN"
"2018-07-04 04:40:00",268,12.62,23.27,0,0,0,0,0,0,0,0,0,0,"NAN","NAN","NAN","NAN","NAN","NAN"
"2018-07-04 04:50:00",269,12.62,23.26,0,0,0,0,0,0,0,0,0,0,"NAN","NAN","NAN","NAN","NAN","NAN"
"2018-07-04 05:00:00",270,12.61,23.26,0,0,0,0,0,0,0,0,0,0,"NAN","NAN","NAN","NAN","NAN","NAN"
"2018-07-04 05:10:00",271,12.61,23.25,0,0,0,0,0,0,0,0,0,0,"NAN","NAN","NAN","NAN","NAN","NAN"
"2018-07-04 05:20:00",272,12.61,23.25,0,0,0,0,0,0,0,0,0,0,"NAN","NAN","NAN","NAN","NAN","NAN"
"2018-07-04 05:30:00",273,12.62,23.25,0,0,0,0,0,0,0,0,0,0,"NAN","NAN","NAN","NAN","NAN","NAN"
"2018-07-04 05:40:00",274,12.61,23.25,0,0,0,0,0,0,0,0,0,0,"NAN","NAN","NAN","NAN","NAN","NAN"
"2018-07-04 05:50:00",275,12.62,23.25,0,0,0,0,0,0,0,0,0,0,"NAN","NAN","NAN","NAN","NAN","NAN"
"2018-07-04 06:00:00",276,12.62,23.24,0,0,0,0,0,0,0,0,0,0,"NAN","NAN","NAN","NAN","NAN","NAN"
"2018-07-04 06:10:00",277,12.61,23.23,0,0,0,0,0,0,0,0,0,0,"NAN","NAN","NAN","NAN","NAN","NAN"
"2018-07-04 06:20:00",278,12.62,23.24,0,0,0,0,0,0,0,0,0,0,"NAN","NAN","NAN","NAN","NAN","NAN"
"2018-07-04 06:30:00",279,12.61,23.23,0,0,0,0,0,0,0,0,0,0,"NAN","NAN","NAN","NAN","NAN","NAN"
"2018-07-04 06:40:00",280,12.61,23.22,0,0,0,0,0,0,0,0,0,0,"NAN","NAN","NAN","NAN","NAN","NAN"
"2018-07-04 06:50:00",281,12.62,23.21,0,0,0,0,0,0,0,0,0,0,"NAN","NAN","NAN","NAN","NAN","NAN"
"2018-07-04 07:00:00",282,12.61,23.21,0,0,0,0,0,0,0,0,0,0,"NAN","NAN","NAN","NAN","NAN","NAN"
"2018-07-04 07:10:00",283,12.61,23.21,0,0,0,0,0,0,0,0,0,0,"NAN","NAN","NAN","NAN","NAN","NAN"
"2018-07-04 07:20:00",284,12.62,23.2,0,0,0,0,0,0,0,0,0,0,"NAN","NAN","NAN","NAN","NAN","NAN"
"2018-07-04 07:30:00",285,12.62,23.2,0,0,0,0,0,0,0,0,0,0,"NAN","NAN","NAN","NAN","NAN","NAN"
"2018-07-04 07:40:00",286,12.61,23.19,0,0,0,0,0,0,0,0,0,0,"NAN","NAN","NAN","NAN","NAN","NAN"
"2018-07-04 07:50:00",287,12.61,23.2,0,0,0,0,0,0,0,0,0,0,"NAN","NAN","NAN","NAN","NAN","NAN"
"2018-07-04 08:00:00",288,12.61,23.2,0,0,0,0,0,0,0,0,0,0,"NAN","NAN","NAN","NAN","NAN","NAN"
"2018-07-04 08:10:00",289,12.61,23.2,0,0,0,0,0,0,0,0,0,0,"NAN","NAN","NAN","NAN","NAN","NAN"
"2018-07-04 08:20:00",290,12.61,23.21,0,0,0,0,0,0,0,0,0,0,"NAN","NAN","NAN","NAN","NAN","NAN"
"2018-07-04 08:30:00",291,12.61,23.21,0,0,0,0,0,0,0,0,0,0,"NAN","NAN","NAN","NAN","NAN","NAN"
"2018-07-04 08:40:00",292,12.62,23.22,0,0,0,0,0,0,0,0,0,0,"NAN","NAN","NAN","NAN","NAN","NAN"
"2018-07-04 08:50:00",293,12.61,23.23,0,0,0,0,0,0,0,0,0,0,"NAN","NAN","NAN","NAN","NAN","NAN"
"2018-07-04 09:00:00",294,12.61,23.23,0,0,0,0,0,0,0,0,0,0,"NAN","NAN","NAN","NAN","NAN","NAN"
"2018-07-04 09:10:00",295,12.62,23.25,0,0,0,0,0,0,0,0,0,0,"NAN","NAN","NAN","NAN","NAN","NAN"
"2018-07-04 09:20:00",296,12.61,23.25,0,0,0,0,0,0,0,0,0,0,"NAN","NAN","NAN","NAN","NAN","NAN"
"2018-07-04 09:30:00",297,12.62,23.26,0,0,0,0,0,0,0,0,0,0,"NAN","NAN","NAN","NAN","NAN","NAN"
"2018-07-04 09:40:00",298,12.61,23.26,0,0,0,0,0,0,0,0,0,0,"NAN","NAN","NAN","NAN","NAN","NAN"
"2018-07-04 09:50:00",299,12.62,23.26,0,0,0,0,0,0,0,0,0,0,"NAN","NAN","NAN","NAN","NAN","NAN"
"2018-07-04 10:00:00",300,12.61,23.27,0,0,0,0,0,0,0,0,0,0,"NAN","NAN","NAN","NAN","NAN","NAN"
"2018-07-04 10:10:00",301,12.62,23.27,0,0,0,0,0,0,0,0,0,0,"NAN","NAN","NAN","NAN","NAN","NAN"
"2018-07-04 10:20:00",302,12.61,23.29,0,0,0,0,0,0,0,0,0,0,"NAN","NAN","NAN","NAN","NAN","NAN"
"2018-07-04 10:30:00",303,12.61,23.3,0,0,0,0,0,0,0,0,0,0,"NAN","NAN","NAN","NAN","NAN","NAN"
"2018-07-04 10:40:00",304,12.62,23.34,0,0,0,0,0,0,0,0,0,0,"NAN","NAN","NAN","NAN","NAN","NAN"
"2018-07-04 10:50:00",305,12.61,23.42,0,0,0,0,0,0,0,0,0,0,"NAN","NAN","NAN","NAN","NAN","NAN"
"2018-07-04 11:00:00",306,12.61,23.45,0,0,0,0,0,0,0,0,0,0,"NAN","NAN","NAN","NAN","NAN","NAN"
"2018-07-04 11:10:00",307,12.62,23.5,0,0,0,0,0,0,0,0,0,0,"NAN","NAN","NAN","NAN","NAN","NAN"
"2018-07-04 11:20:00",308,12.61,23.61,0,0,0,0,0,0,0,0,0,0,"NAN","NAN","NAN","NAN","NAN","NAN"
"2018-07-04 11:30:00",309,12.61,23.7,0,0,0,0,0,0,0,0,0,0,"NAN","NAN","NAN","NAN","NAN","NAN"
"2018-07-04 11:40:00",310,12.61,23.77,0,0,0,0,0,0,0,0,0,0,"NAN","NAN","NAN","NAN","NAN","NAN"
"2018-07-04 11:50:00",311,12.61,23.82,0,0,0,0,0,0,0,0,0,0,"NAN","NAN","NAN","NAN","NAN","NAN"
"2018-07-04 12:00:00",312,12.61,23.88,0,0,0,0,0,0,0,0,0,0,"NAN","NAN","NAN","NAN","NAN","NAN"
"2018-07-04 12:10:00",313,12.6,23.92,0,0,0,0,0,0,0,0,0,0,"NAN","NAN","NAN","NAN","NAN","NAN"
"2018-07-04 12:20:00",314,12.58,23.96,0,0,0,0,0,0,0,0,0,0,"NAN","NAN","NAN","NAN","NAN","NAN"
"2018-07-04 12:30:00",315,12.59,23.99,0,0,0,0,0,0,0,0,0,0,"NAN","NAN","NAN","NAN","NAN","NAN"
"2018-07-04 12:40:00",316,12.61,24.02,0,0,0,0,0,0,0,0,0,0,"NAN","NAN","NAN","NAN","NAN","NAN"
"2018-07-04 12:50:00",317,12.63,24.09,0,0,0,0,0,0,0,0,0,0,"NAN","NAN","NAN","NAN","NAN","NAN"
"2018-07-04 13:00:00",318,12.6,24.14,0,0,0,0,0,0,0,0,0,0,"NAN","NAN","NAN","NAN","NAN","NAN"
"2018-07-04 13:10:00",319,12.61,24.19,0,0,0,0,0,0,0,0,0,0,"NAN","NAN","NAN","NAN","NAN","NAN"
"2018-07-04 13:20:00",320,12.6,24.23,0,0,0,0,0,0,0,0,0,0,"NAN","NAN","NAN","NAN","NAN","NAN"
"2018-07-04 13:30:00",321,12.6,24.26,0,0,0,0,0,0,0,0,0,0,"NAN","NAN","NAN","NAN","NAN","NAN"
"2018-07-04 13:40:00",322,12.6,24.29,0,0,0,0,0,0,0,0,0,0,"NAN","NAN","NAN","NAN","NAN","NAN"
"2018-07-04 13:50:00",323,12.61,24.32,0,0,0,0,0,0,0,0,0,0,"NAN","NAN","NAN","NAN","NAN","NAN"
"2018-07-04 14:00:00",324,12.6,24.33,0,0,0,0,0,0,0,0,0,0,"NAN","NAN","NAN","NAN","NAN","NAN"
"2018-07-04 14:10:00",325,12.6,24.37,0,0,0,0,0,0,0,0,0,0,"NAN","NAN","NAN","NAN","NAN","NAN"
"2018-07-04 14:20:00",326,12.61,24.37,0,0,0,0,0,0,0,0,0,0,"NAN","NAN","NAN","NAN","NAN","NAN"
"2018-07-04 14:30:00",327,12.58,24.37,0,0,0,0,0,0,0,0,0,0,"NAN","NAN","NAN","NAN","NAN","NAN"
"2018-07-04 14:40:00",328,12.59,24.38,0,0,0,0,0,0,0,0,0,0,"NAN","NAN","NAN","NAN","NAN","NAN"
"2018-07-04 14:50:00",329,12.6,24.38,0,0,0,0,0,0,0,0,0,0,"NAN","NAN","NAN","NAN","NAN","NAN"
"2018-07-05 14:50:00",0,13.32,33.42,29.039,27.94116,24.58248,17.6173,13.59844,11.22247,11.17233,11.16403,11.16079,11.14303,7.610751,69.37816,11.22469,7.761141,70.68934,11.18806
"2018-07-05 15:00:00",1,13.24,33.98,29.16915,27.96847,24.5191,17.65551,13.63955,11.21939,11.16952,11.16296,11.15371,11.13659,7.58377,69.14155,11.23056,7.752455,70.59282,11.17739
"2018-07-05 15:10:00",2,13.23,34.61,29.32314,28.0527,24.25387,17.84576,13.79837,11.22604,11.17608,11.16778,11.15655,11.13629,7.914806,72.14756,11.2233,7.760993,70.67134,11.17786
"2018-07-05 15:20:00",3,13.23,35.22,30.08618,28.13287,24.37042,17.88226,13.86544,11.21664,11.17031,11.16738,11.15594,11.13461,7.874012,71.77326,11.2219,7.764225,70.69802,11.17616
"2018-07-05 15:30:00",4,13.26,35.65,29.76437,28.18728,24.4501,17.82314,14.03744,11.20794,11.17895,11.16476,11.15643,11.13314,7.714403,70.31777,11.22144,7.761138,70.66842,11.17522
"2018-07-05 15:40:00",5,13.23,36.09,29.58312,28.32214,24.37722,17.87582,13.9613,11.2586,11.18096,11.169,11.15795,11.13345,7.426074,67.73128,11.24818,7.761354,70.67075,11.17553
"2018-07-05 15:50:00",6,13.22,36.48,29.58673,28.2904,24.2275,17.68167,13.90927,11.26632,11.17306,11.16506,11.15307,11.1361,7.372855,67.26122,11.25806,7.741911,70.4963,11.17709
"2018-07-05 16:00:00",7,13.22,36.74,29.56732,28.22973,24.24713,17.64254,13.9826,11.24346,11.17947,11.16665,11.15573,11.13394,7.46744,68.10231,11.24416,7.746585,70.53678,11.17584
"2018-07-05 16:10:00",8,13.22,36.96,29.79287,28.12741,24.10784,17.50494,13.82235,11.25302,11.1791,11.17022,11.15557,11.13452,7.469667,68.09207,11.22469,7.764933,70.70109,11.17414
"2018-07-05 16:20:00",9,13.24,36.96,29.48129,28.09731,23.89459,17.49233,13.88604,11.20938,11.18078,11.16711,11.15231,11.13034,7.467457,68.06295,11.21896,7.75912,70.65181,11.17632
"2018-07-05 16:30:00",10,13.28,37,29.53372,28.20373,23.7441,17.64547,13.89443,11.18514,11.17605,11.16851,11.15097,11.13201,7.47808,68.16426,11.22176,7.774012,70.78652,11.17584
"2018-07-05 16:40:00",11,13.27,37,29.7695,28.24099,23.88851,17.67352,13.6593,11.16705,11.17089,11.16995,11.15487,11.1343,7.497708,68.31227,11.20228,7.776419,70.81053,11.17709
"2018-07-05 16:50:00",12,13.27,37.13,29.86001,28.24746,23.94924,17.80258,13.62509,11.16625,11.17364,11.16339,11.15966,11.13583,7.507388,68.39231,11.19702,7.770479,70.75595,11.17677
"2018-07-05 17:00:00",13,13.22,37.26,30.20263,28.35687,24.02242,17.83492,13.67504,11.17263,11.18075,11.16668,11.15869,11.138,7.505883,68.3754,11.19501,7.766119,70.71879,11.17831
"2018-07-05 17:10:00",14,13.25,37.26,30.77917,28.41921,23.85324,18.14086,13.69223,11.18634,11.16592,11.16241,11.15093,11.13668,7.488246,68.22058,11.19872,7.736674,70.44793,11.17661
"2018-07-05 17:20:00",15,13.27,37.2,30.93133,28.52212,23.77593,18.31072,13.65512,11.18594,11.17257,11.16958,11.1625,11.14062,7.502885,68.34407,11.19254,7.75207,70.58278,11.17337
"2018-07-05 17:30:00",16,13.2,37.21,31.1477,28.55041,23.73873,18.58523,13.71255,11.20574,11.1672,11.16738,11.16351,11.14822,7.467186,68.02846,11.19857,7.807501,71.12733,11.19764
"2018-07-05 17:40:00",17,13.18,36.94,31.08608,28.4606,23.69787,18.70358,13.77261,11.21035,11.16702,11.16949,11.16009,11.14215,7.899503,71.9675,11.19888,7.848279,71.46615,11.17786
"2018-07-05 17:50:00",18,13.15,36.6,31.13281,28.39761,23.54174,18.64224,13.74716,11.17303,11.16699,11.16467,11.1575,11.13717,8.048918,73.3242,11.19624,7.768286,70.73726,11.17754
"2018-07-05 18:00:00",19,13.15,36.32,31.12399,28.44592,23.60156,18.5892,13.51803,11.22201,11.16998,11.16604,11.15972,11.1369,8.05346,73.42688,11.23241,7.759779,70.66027,11.17786
"2018-07-05 18:10:00",20,13.12,35.97,31.16369,28.49389,23.64892,18.56091,13.52185,11.21514,11.17834,11.17117,11.15838,11.13412,7.514929,68.52581,11.23812,7.777612,70.82019,11.17632
"2018-07-05 18:20:00",21,13.08,35.63,31.1629,28.45468,23.74658,18.55996,13.42706,11.19839,11.17114,11.16354,11.156,11.13418,7.476275,68.14734,11.22159,7.76743,70.72918,11.17739
"2018-07-05 18:30:00",22,13.04,35.35,31.07156,28.47952,23.84912,18.55691,13.35202,11.18173,11.17388,11.16693,11.15927,11.13604,7.479379,68.14467,11.2018,7.769976,70.7539,11.17832
"2018-07-05 18:40:00",23,13.02,35.04,31.11859,28.52715,23.8269,18.57324,13.31933,11.17248,11.17102,11.16754,11.15429,11.13323,7.511545,68.40792,11.18296,7.758914,70.65113,11.17709
"2018-07-05 18:50:00",24,12.98,34.93,30.99188,28.47106,23.94503,18.36706,13.25686,11.16046,11.16708,11.1629,11.15469,11.13351,7.526246,68.52861,11.17461,7.735044,70.42152,11.16951
"2018-07-05 19:00:00",25,12.97,34.79,31.01943,28.46813,23.88281,18.51599,13.21163,11.14205,11.16592,11.16397,11.16403,11.14553,7.536537,68.60086,11.161,7.69649,70.08293,11.17724
"2018-07-05 19:10:00",26,12.94,34.52,30.92208,28.50866,23.80154,18.67175,13.07116,11.13482,11.16699,11.16314,11.15737,11.13705,7.541175,68.64028,11.1593,7.676853,69.89514,11.17168
"2018-07-05 19:20:00",27,12.96,34.33,30.85131,28.45925,23.61044,18.75295,13.02813,11.14654,11.16644,11.16537,11.15795,11.13925,7.538778,68.6236,11.16254,7.663006,69.77637,11.17616
"2018-07-05 19:30:00",28,12.93,34.03,30.73712,28.49481,23.31747,18.53939,12.93536,11.14016,11.16619,11.16851,11.15911,11.14456,7.535101,68.58604,11.15992,7.677088,69.90383,11.17568
"2018-07-05 19:40:00",29,12.93,33.54,30.66574,28.51394,23.59594,18.73361,12.80203,11.14166,11.16711,11.17135,11.16134,11.14331,7.538574,68.61395,11.1576,7.683755,69.96698,11.17724
"2018-07-05 19:50:00",30,12.9,32.88,30.58325,28.57043,23.52816,18.70965,12.90103,11.13766,11.16818,11.17141,11.16772,11.15274,7.540146,68.65654,11.17553,7.699799,70.1211,11.18218
"2018-07-05 20:00:00",31,12.89,32.19,30.5053,28.60018,23.43569,18.75344,12.78427,11.15765,11.1716,11.18679,11.18637,11.14846,7.531981,68.5549,11.15822,7.721852,70.3154,11.17816
"2018-07-05 20:10:00",32,12.88,31.58,30.4533,28.62521,23.33126,18.90548,13.02465,11.16714,11.17581,11.19021,11.19027,11.15878,7.525163,68.51747,11.17384,7.776502,70.81304,11.17816
"2018-07-05 20:20:00",33,12.89,31.07,30.41387,28.64944,23.35574,18.58248,13.06426,11.15344,11.17062,11.17431,11.16433,11.152,7.503394,68.31266,11.16965,7.751203,70.58386,11.17893
"2018-07-05 20:30:00",34,12.87,30.67,30.3124,28.65951,23.31588,18.54772,13.11831,11.14291,11.18728,11.20339,11.18252,11.14834,7.511424,68.37888,11.16533,7.743482,70.5151,11.17986
"2018-07-05 20:40:00",35,12.88,30.31,30.28872,28.67105,23.39569,18.40689,13.13534,11.15542,11.16918,11.16992,11.15972,11.14092,7.521848,68.48879,11.17476,7.735745,70.43994,11.17692
"2018-07-05 20:50:00",36,12.84,30,30.29058,28.70391,23.5324,18.43292,13.31634,11.1762,11.16934,11.1719,11.15835,11.14434,7.522358,68.52665,11.19579,7.717185,70.26954,11.17615
"2018-07-05 21:00:00",37,12.84,29.73,30.26522,28.70928,23.60534,18.43258,13.23199,11.17169,11.16882,11.16989,11.16076,11.14477,7.501803,68.3317,11.19083,7.70894,70.19831,11.17846
"2018-07-05 21:10:00",38,12.84,29.43,30.21527,28.74175,23.7131,18.27493,13.41793,11.1712,11.1715,11.17028,11.16561,11.14135,7.486486,68.18092,11.18373,7.695287,70.07427,11.17862
"2018-07-05 21:20:00",39,12.84,29.18,30.15447,28.73693,23.80178,18.17703,13.45617,11.199,11.17391,11.17098,11.16079,11.14495,7.475025,68.1006,11.19903,7.705081,70.16297,11.17832
"2018-07-05 21:30:00",40,12.85,28.95,30.0939,28.74969,23.82592,18.04296,13.49557,11.2055,11.17547,11.1715,11.16442,11.1444,7.470711,68.13266,11.24446,7.700534,70.12156,11.17832
"2018-07-05 21:40:00",41,12.85,28.72,30.05572,28.78259,23.85766,17.9429,13.54107,11.17712,11.17425,11.18075,11.16546,11.14739,7.701552,70.12722,11.17615,7.699725,70.11706,11.18002
"2018-07-05 21:50:00",42,12.84,28.51,30.01592,28.79095,23.93475,17.8081,13.46395,11.16433,11.18457,11.18811,11.17373,11.14746,8.16425,74.34722,11.18002,7.700754,70.12426,11.17877
"2018-07-05 22:00:00",43,12.86,28.32,29.96752,28.78298,23.86859,17.96618,13.47064,11.15863,11.19003,11.18667,11.16964,11.15737,7.915984,72.08958,11.18203,7.685675,69.98814,11.17955
"2018-07-05 22:10:00",44,12.85,28.15,29.90978,28.7575,23.89385,17.93185,13.54498,11.15814,11.18704,11.19671,11.17544,11.1517,7.642527,69.58927,11.17584,7.67872,69.92592,11.18018
"2018-07-05 22:20:00",45,12.84,28,29.86907,28.76705,23.93252,18.02004,13.56573,11.15521,11.18237,11.18496,11.16384,11.14498,7.799744,71.01952,11.17493,7.687042,69.99891,11.17847
"2018-07-05 22:30:00",46,12.83,27.85,29.84274,28.77783,23.97631,17.99664,13.57131,11.1604,11.19229,11.20355,11.17184,11.14575,7.563297,68.88169,11.18449,7.690537,70.03054,11.17832
"2018-07-05 22:40:00",47,12.83,27.74,29.80438,28.7152,23.98034,17.94253,13.72415,11.15478,11.1893,11.19738,11.1737,11.15408,7.537284,68.63406,11.1777,7.694186,70.06662,11.18002
"2018-07-05 22:50:00",48,12.82,27.59,29.78408,28.64837,24.03481,17.99969,13.83352,11.16741,11.19738,11.1918,11.16879,11.15151,7.520527,68.4784,11.17584,7.687171,69.9991,11.17786
"2018-07-05 23:00:00",49,12.81,27.38,29.72344,28.6846,24.09429,17.92983,13.77725,11.18206,11.18792,11.18237,11.17074,11.1459,7.550916,68.79126,11.19857,7.67311,69.87184,11.17832
"2018-07-05 23:10:00",50,12.81,27.24,29.67617,28.65615,24.09182,17.91186,13.74035,11.19116,11.18981,11.17117,11.16482,11.14416,7.634746,69.55574,11.19903,7.65928,69.74639,11.17862
"2018-07-05 23:20:00",51,12.81,27.08,29.64956,28.63613,24.08691,18.03271,13.6639,11.1939,11.17358,11.17547,11.16247,11.15017,7.660708,69.79428,11.20027,7.655801,69.71493,11.17877
"2018-07-05 23:30:00",52,12.79,26.99,29.6174,28.63281,24.16769,18.02194,13.65341,11.23306,11.17916,11.17852,11.17053,11.14981,7.64285,69.65292,11.21356,7.647289,69.63761,11.17893
"2018-07-05 23:40:00",53,12.8,26.92,29.6,28.62762,24.14108,17.99871,13.62356,11.2134,11.17565,11.17459,11.17013,11.14984,7.743598,70.58213,11.22035,7.633132,69.50779,11.17832
"2018-07-05 23:50:00",54,12.8,26.82,29.58163,28.62133,24.25839,17.91735,13.53286,11.21945,11.1799,11.17712,11.16714,11.14636,7.624733,69.467,11.20058,7.61664,69.35733,11.17816
"2018-07-06 00:00:00",55,12.8,26.74,29.5317,28.65075,24.24697,17.9316,13.51342,11.19686,11.17636,11.17593,11.16409,11.14804,7.675826,69.93026,11.19918,7.642634,69.59432,11.17832
"2018-07-06 00:10:00",56,12.81,26.67,29.52838,28.66561,24.20718,17.99182,13.50903,11.17642,11.18212,11.17791,11.16787,11.15527,7.71465,70.28244,11.19826,7.669427,69.85853,11.19083
"2018-07-06 00:20:00",57,12.81,26.62,29.50076,28.68511,24.19824,18.00854,13.50534,11.18432,11.18118,11.17828,11.16931,11.14758,7.676332,69.93313,11.1981,7.673316,69.87371,11.17832
"2018-07-06 00:30:00",58,12.79,26.56,29.46575,28.74557,24.17513,17.97299,13.43322,11.2192,11.18539,11.18252,11.16659,11.14169,7.624738,69.49797,11.2199,7.668872,69.83174,11.17739
"2018-07-06 00:40:00",59,12.79,26.54,29.45522,28.73647,24.21127,17.9392,13.37417,11.23077,11.19146,11.17697,11.16741,11.14471,7.555872,68.91046,11.24523,7.656024,69.71577,11.17801
"2018-07-06 00:50:00",60,12.78,26.55,29.41723,28.66839,24.16436,17.93939,13.33962,11.22427,11.191,11.18048,11.17211,11.14846,7.506776,68.42678,11.22237,7.658181,69.73722,11.17909
"2018-07-06 01:00:00",61,12.78,26.55,29.39956,28.6654,24.23474,17.89031,13.3598,11.2088,11.19213,11.17736,11.16708,11.1437,7.487966,68.25498,11.22222,7.660756,69.75934,11.17832
"2018-07-06 01:10:00",62,12.8,26.52,29.37576,28.69671,24.2846,17.85241,13.41738,11.22729,11.18765,11.1752,11.16189,11.14404,7.489755,68.28714,11.23227,7.657622,69.72957,11.17754
"2018-07-06 01:20:00",63,12.79,26.47,29.32647,28.65524,24.33688,17.75213,13.40646,11.23455,11.18057,11.17587,11.16351,11.14663,7.494952,68.3544,11.24493,7.656436,69.7209,11.17894
"2018-07-06 01:30:00",64,12.77,26.44,29.30377,28.68237,24.3641,17.80526,13.44891,11.23034,11.1795,11.1751,11.16705,11.14843,7.604207,69.34915,11.24385,7.649336,69.65556,11.17847
"2018-07-06 01:40:00",65,12.77,26.45,29.25811,28.60513,24.44628,17.70745,13.50387,11.22445,11.1806,11.17727,11.16699,11.15072,7.505906,68.4258,11.22685,7.650925,69.66954,11.17815
"2018-07-06 01:50:00",66,12.78,26.53,29.23907,28.78213,24.50488,17.7312,13.40899,11.22335,11.18472,11.17648,11.17044,11.14868,7.445373,67.86524,11.22129,7.668925,69.83444,11.17878
"2018-07-06 02:00:00",67,12.77,26.67,29.24023,28.80218,24.46914,17.78649,13.52975,11.23101,11.17752,11.17532,11.17092,11.15054,7.458134,67.96147,11.20845,7.687077,69.99974,11.17877
"2018-07-06 02:10:00",68,12.79,26.86,29.21401,28.74752,24.46176,17.79782,13.54931,11.21813,11.17669,11.17996,11.1669,11.1502,7.467085,68.02826,11.19903,7.7028,70.14124,11.1777
"2018-07-06 02:20:00",69,12.77,27.07,29.1834,28.75897,24.55163,17.86154,13.49688,11.20538,11.18121,11.19848,11.17575,11.14987,7.46465,68.0008,11.19564,7.722658,70.32492,11.17955
"2018-07-06 02:30:00",70,12.77,27.23,29.17321,28.5577,24.43838,17.86129,13.50009,11.20138,11.18756,11.17666,11.17144,11.15692,7.464034,68.02687,11.21589,7.722436,70.3229,11.17955
"2018-07-06 02:40:00",71,12.76,27.22,29.13891,28.3178,24.3807,17.82269,13.44448,11.19366,11.17993,11.1791,11.16967,11.15313,7.465979,68.01636,11.19794,7.711537,70.22583,11.1808
"2018-07-06 02:50:00",72,12.77,26.97,29.092,28.32022,24.40689,17.94915,13.5147,11.21881,11.18023,11.18328,11.17285,11.15045,7.465957,68.0354,11.21016,7.701798,70.13398,11.17894
"2018-07-06 03:00:00",73,12.77,26.49,29.09164,28.23919,24.22006,17.92605,13.52722,11.18771,11.18554,11.18496,11.17456,11.15411,7.49377,68.27214,11.1995,7.694532,70.07746,11.18481
"2018-07-06 03:10:00",74,12.78,26.09,29.04687,28.29513,24.2756,17.9602,13.34967,11.22146,11.1856,11.18304,11.17483,11.15447,7.483029,68.17441,11.19965,7.707588,70.18714,11.17909
"2018-07-06 03:20:00",75,12.77,25.79,29.02996,28.24905,24.2362,17.88467,13.30673,11.18698,11.18246,11.17868,11.18527,11.15917,7.476276,68.07682,11.17661,7.691263,70.0541,11.18883
"2018-07-06 03:30:00",76,12.77,25.55,28.99868,28.15277,24.22918,17.91488,13.428,11.1882,11.18514,11.20654,11.17443,11.1499,7.51053,68.42334,11.19857,7.694207,70.06968,11.18187
"2018-07-06 03:40:00",77,12.77,25.33,28.97943,28.20172,24.2676,18.04321,13.55001,11.17425,11.19012,11.18908,11.17181,11.15377,7.769084,70.77651,11.19717,7.689057,70.02006,11.18018
"2018-07-06 03:50:00",78,12.77,25.05,28.94241,28.24291,24.36569,18.03646,13.59155,11.19882,11.18878,11.18005,11.17074,11.15393,7.660636,69.79757,11.20274,7.678215,69.92153,11.18033
"2018-07-06 04:00:00",79,12.77,24.77,28.9208,28.47198,24.29486,18.07205,13.7879,11.21469,11.18319,11.18023,11.17123,11.14819,7.488747,68.25164,11.21557,7.679769,69.93422,11.1794
"2018-07-06 04:10:00",80,12.77,24.5,28.89993,28.44213,24.23785,18.27889,13.73248,11.19534,11.17974,11.18057,11.16867,11.14886,7.490509,68.24195,11.19918,7.683828,69.97363,11.18095
"2018-07-06 04:20:00",81,12.75,24.29,28.85391,28.55566,24.34536,18.41436,13.74233,11.18087,11.18322,11.17968,11.17126,11.15365,7.487055,68.20899,11.19826,7.693045,70.06341,11.1845
"2018-07-06 04:30:00",82,12.76,24.13,28.807,28.60571,24.24676,18.50955,13.6614,11.20242,11.18057,11.17834,11.16714,11.15457,7.487615,68.21036,11.19594,7.685616,69.99366,11.18326
"2018-07-06 04:40:00",83,12.77,24.07,28.76043,28.68878,24.1647,18.55535,13.49594,11.18014,11.17868,11.17694,11.17053,11.15441,7.460894,67.96936,11.19749,7.680055,69.94232,11.1828
"2018-07-06 04:50:00",84,12.77,24.03,28.74645,28.67455,24.10546,18.62039,13.28961,11.16241,11.18164,11.18164,11.16806,11.14724,7.486734,68.20268,11.1961,7.679661,69.94493,11.18666
"2018-07-06 05:00:00",85,12.77,23.98,28.7015,28.64398,24.12786,18.49072,13.24969,11.16436,11.18188,11.17874,11.17184,11.15222,7.49916,68.28784,11.17832,7.693923,70.06834,11.18265
"2018-07-06 05:10:00",86,12.76,23.95,28.68368,28.58682,23.98037,18.40136,13.2369,11.15676,11.18206,11.18231,11.17327,11.1531,7.489048,68.19162,11.17568,7.695934,70.08974,11.1845
"2018-07-06 05:20:00",87,12.77,23.95,28.63836,28.59377,24.0491,18.39709,13.1452,11.15771,11.18261,11.17779,11.17135,11.16155,7.502319,68.31294,11.176,7.694258,70.07873,11.18713
"2018-07-06 05:30:00",88,12.78,23.96,28.60262,28.53015,24.12869,18.32861,13.10348,11.15994,11.18011,11.17739,11.17654,11.16183,7.498228,68.27568,11.176,7.687092,70.01792,11.1899
"2018-07-06 05:40:00",89,12.77,24.01,28.52407,28.52142,24.10028,18.38961,13.14807,11.16976,11.17877,11.17926,11.17275,11.16442,7.486314,68.17224,11.17924,7.673113,69.92894,11.21371
"2018-07-06 05:50:00",90,12.77,24.07,28.51602,28.49807,24.20196,18.36062,13.1206,11.15722,11.17886,11.17684,11.17297,11.16262,7.483774,68.14679,11.1777,7.656374,69.75276,11.19903
"2018-07-06 06:00:00",91,12.74,24.11,28.48834,28.4674,24.18847,18.34094,13.13131,11.15945,11.18176,11.18304,11.17648,11.16131,7.500134,68.2927,11.17584,7.653947,69.71372,11.18851
"2018-07-06 06:10:00",92,12.74,24.16,28.42654,28.47195,24.32415,18.30407,13.16101,11.1672,11.18319,11.17813,11.1734,11.15039,7.499592,68.29306,11.17909,7.659929,69.75502,11.18032
"2018-07-06 06:20:00",93,12.74,24.23,28.43667,28.44854,24.27282,18.29046,13.1416,11.16604,11.17926,11.199,11.18109,11.14822,7.674861,69.90873,11.1913,7.66245,69.774,11.17786
"2018-07-06 06:30:00",94,12.76,24.35,28.41653,28.41049,24.30197,18.34237,13.16329,11.14858,11.18038,11.18307,11.17285,11.156,7.752781,70.59269,11.17553,7.652431,69.69146,11.18327
"2018-07-06 06:40:00",95,12.76,24.54,28.38409,28.42336,24.36697,18.38952,13.14343,11.14816,11.182,11.1809,11.17584,11.1676,7.76307,70.68589,11.17523,7.645836,69.66683,11.20537
"2018-07-06 06:50:00",96,12.77,24.77,28.40689,28.39599,24.36288,18.30142,13.22213,11.15078,11.18411,11.19988,11.17752,11.15771,7.611855,69.30949,11.17553,7.635413,69.55551,11.19517
"2018-07-06 07:00:00",97,12.77,25.01,28.37469,28.37759,24.27792,18.34048,13.24551,11.1744,11.19137,11.19735,11.17651,11.1499,7.559544,68.84647,11.18388,7.618213,69.38673,11.18759
"2018-07-06 07:10:00",98,12.8,25.24,28.37786,28.37139,24.33221,18.2196,13.41509,11.17584,11.19409,11.19302,11.18289,11.1582,7.525159,68.53489,11.18481,7.598512,69.21122,11.19007
"2018-07-06 07:20:00",99,12.81,25.46,28.36947,28.37966,24.22689,18.25088,13.61117,11.18328,11.19012,11.1864,11.17617,11.15463,7.481697,68.15644,11.19594,7.581275,69.04563,11.18465
"2018-07-06 07:30:00",100,12.82,25.65,28.36169,28.34674,24.15957,18.27221,13.61517,11.20178,11.1864,11.18289,11.17532,11.1564,7.449508,67.8957,11.21666,7.566312,68.91037,11.18528
"2018-07-06 07:40:00",101,12.79,25.82,28.32971,28.33541,24.19711,18.15322,13.65713,11.21722,11.1846,11.18563,11.17315,11.15261,7.438653,67.79003,11.21233,7.564578,68.89115,11.18311
"2018-07-06 07:50:00",102,12.8,25.97,28.33407,28.32214,24.09283,18.15325,13.54318,11.2023,11.18893,11.18615,11.17251,11.15231,7.423922,67.64588,11.20599,7.591384,69.13082,11.18033
"2018-07-06 08:00:00",103,12.82,26.11,28.29299,28.29666,24.09756,18.23049,13.54513,11.18911,11.18994,11.18246,11.17034,11.15353,7.436936,67.75334,11.19888,7.624687,69.43387,11.18018
"2018-07-06 08:10:00",104,12.85,26.25,28.31793,28.27517,24.21005,18.15417,13.59927,11.20254,11.18457,11.17926,11.17419,11.15545,7.441833,67.80719,11.20476,7.630207,69.48484,11.18064
"2018-07-06 08:20:00",105,12.84,26.42,28.24533,28.26003,24.20776,18.16458,13.59695,11.20568,11.18212,11.17892,11.17492,11.15682,7.451598,67.93604,11.23025,7.623502,69.42183,11.1794
"2018-07-06 08:30:00",106,12.88,26.64,28.24581,28.25836,24.20706,18.15121,13.46984,11.20904,11.18054,11.1846,11.17105,11.15029,7.499742,68.39174,11.24091,7.620891,69.40677,11.18481
"2018-07-06 08:40:00",107,12.92,26.86,28.26562,28.24774,24.13775,18.2955,13.57977,11.21224,11.1827,11.18206,11.17504,11.15145,7.427351,67.73787,11.24493,7.659391,69.75463,11.18311
"2018-07-06 08:50:00",108,12.93,27.05,28.22759,28.24166,24.26623,18.20217,13.49578,11.20123,11.18505,11.18164,11.17047,11.14892,7.431491,67.73178,11.21681,7.672868,69.87687,11.1828
"2018-07-06 09:00:00",109,13.01,27.25,28.28149,28.20324,24.27767,18.12246,13.49298,11.18652,11.18435,11.1802,11.17224,11.15402,7.462336,67.98427,11.19857,7.691938,70.05487,11.18542
"2018-07-06 09:10:00",110,13.01,27.41,28.20724,28.21496,24.06072,18.15167,13.47396,11.1603,11.1845,11.18243,11.17434,11.15377,7.466896,68.02234,11.1964,7.694755,70.08067,11.18559
"2018-07-06 09:20:00",111,13.04,27.56,28.20791,28.21227,23.9699,18.04821,13.54678,11.15844,11.18264,11.1824,11.1748,11.15078,7.467331,68.00378,11.18203,7.700244,70.13016,11.18527
"2018-07-06 09:30:00",112,13.05,27.69,28.20944,28.20199,23.89352,18.15759,13.58517,11.16531,11.18484,11.18124,11.17556,11.15493,7.467114,67.99191,11.17568,7.69236,70.06555,11.18976
"2018-07-06 09:40:00",113,13.08,27.87,28.20205,28.21206,23.87719,18.2434,13.55194,11.17248,11.18472,11.1838,11.1802,11.15884,7.467216,67.99783,11.17894,7.672933,69.88797,11.1893
"2018-07-06 09:50:00",114,13.12,28.07,28.22485,28.20214,23.97695,18.18893,13.5025,11.1986,11.18084,11.19357,11.18264,11.16171,7.445723,67.80666,11.18172,7.652447,69.71625,11.19856
"2018-07-06 10:00:00",115,13.16,28.55,28.21972,28.20181,23.83029,18.2506,13.54153,11.15792,11.18786,11.21844,11.18438,11.15762,7.465446,67.97637,11.17553,7.630647,69.5028,11.1893
"2018-07-06 10:10:00",116,13.24,29.23,28.20153,28.20654,23.9226,18.18771,13.4764,11.17279,11.20129,11.20214,11.17675,11.15573,7.514225,68.45459,11.19702,7.628791,69.48087,11.1862
"2018-07-06 10:20:00",117,13.31,29.67,28.23553,28.21951,23.92492,18.26116,13.53662,11.17926,11.1911,11.19937,11.18054,11.15725,7.550197,68.78634,11.19965,7.608261,69.30499,11.19315
"2018-07-06 10:30:00",118,13.24,30,28.24746,28.25314,23.73605,18.44396,13.62072,11.19097,11.18786,11.18917,11.17721,11.15817,7.59849,69.26044,11.22097,7.598023,69.20912,11.19147
"2018-07-06 10:40:00",119,13.23,29.96,28.26165,28.25152,23.83242,18.63259,13.56823,11.20422,11.18417,11.20303,11.17651,11.15902,7.588293,69.15298,11.21185,7.616195,69.3767,11.19286
"2018-07-06 10:50:00",120,13.24,29.82,28.27795,28.27856,23.9002,18.49627,13.50558,11.19277,11.18691,11.20138,11.17596,11.15695,7.584353,69.1194,11.21326,7.612846,69.34676,11.19315
"2018-07-06 11:00:00",121,13.24,29.8,28.27691,28.29574,23.99301,18.47125,13.43298,11.22207,11.18789,11.18667,11.19396,11.15737,7.564676,68.95422,11.22222,7.621464,69.42304,11.19176
"2018-07-06 11:10:00",122,13.27,29.86,28.31021,28.29913,24.00506,18.36114,13.39691,11.19448,11.19036,11.19366,11.18948,11.15948,7.554074,68.85485,11.22051,7.618631,69.4047,11.1964
"2018-07-06 11:20:00",123,13.32,30.04,28.34878,28.33819,24.00555,18.29305,13.35864,11.18881,11.19116,11.20358,11.20751,11.15731,7.574587,69.00766,11.19903,7.62267,69.44364,11.19779
"2018-07-06 11:30:00",124,13.28,30.21,28.35183,28.34588,24.03839,18.2889,13.29269,11.17443,11.20889,11.2149,11.18875,11.15808,7.529765,68.60103,11.20013,7.627311,69.48828,11.19918
"2018-07-06 11:40:00",125,13.28,30.22,28.34115,28.34823,24.11209,18.1813,13.17367,11.1773,11.20931,11.20953,11.19012,11.16223,7.466554,68.0237,11.19918,7.623391,69.45228,11.19903
"2018-07-06 11:50:00",126,13.3,30.19,28.35223,28.35467,24.61035,18.15704,13.22015,11.18151,11.20782,11.19696,11.18475,11.15212,7.50679,68.39026,11.19918,7.615029,69.36153,11.1899
"2018-07-06 12:00:00",127,13.32,30.21,28.34677,28.36386,24.11544,18.29309,13.18228,11.17617,11.20291,11.21139,11.2199,11.16104,7.49507,68.28057,11.19733,7.60017,69.23651,11.1964
"2018-07-06 12:10:00",128,13.37,30.28,28.38394,28.37744,23.95428,18.20257,13.27349,11.19522,11.19082,11.19277,11.2308,11.16741,7.514323,68.49463,11.2219,7.57904,69.04149,11.19486
"2018-07-06 12:20:00",129,13.32,30.48,28.39514,28.40997,23.79797,18.23562,13.24703,11.19015,11.18963,11.21041,11.20831,11.16601,7.727422,70.40131,11.1998,7.586208,69.10398,11.19301
"2018-07-06 12:30:00",130,13.24,30.53,28.42071,28.41949,23.91635,18.2084,13.25353,11.19247,11.20614,11.20413,11.20312,11.15982,7.899992,71.99996,11.21572,7.595929,69.19004,11.19147
"2018-07-06 12:40:00",131,13.32,30.45,28.43707,28.42257,23.84591,18.09252,13.2406,11.18362,11.2174,11.21652,11.18707,11.16165,7.714186,70.28596,11.20304,7.604622,69.2808,11.19872
"2018-07-06 12:50:00",132,13.31,30.48,28.45541,28.44183,23.92669,18.00427,13.35153,11.18859,11.2138,11.20544,11.18591,11.16326,7.486386,68.20731,11.20104,7.605064,69.28408,11.19826
"2018-07-06 13:00:00",133,13.36,30.77,28.59362,28.48159,23.85546,17.89489,13.36431,11.18722,11.19378,11.21438,11.18746,11.16763,7.733117,70.45285,11.19965,7.596469,69.1993,11.19424
"2018-07-06 13:10:00",134,13.37,31.3,28.6972,28.45892,23.9031,17.87533,13.24938,11.19155,11.21218,11.21243,11.18981,11.16488,7.586574,69.12249,11.20259,7.585258,69.10067,11.1964
"2018-07-06 13:20:00",135,13.35,31.69,28.73867,28.50256,23.91662,17.89059,13.4277,11.19396,11.20883,11.2001,11.17785,11.16091,7.491556,68.2862,11.22129,7.576642,69.02101,11.19563
"2018-07-06 13:30:00",136,13.35,31.94,28.77822,28.6564,23.94415,17.8323,13.4176,11.182,11.20196,11.19552,11.18023,11.16207,7.603428,69.27096,11.19934,7.57276,68.98628,11.19608
"2018-07-06 13:40:00",137,13.35,32.09,28.83294,28.78881,24.11202,17.95996,13.65097,11.25457,11.20028,11.19122,11.16952,11.15451,7.582886,69.11868,11.22129,7.569605,68.95958,11.19733
"2018-07-06 13:50:00",138,13.35,32.27,28.88833,28.82144,24.14605,17.95547,13.57943,11.24365,11.19406,11.19067,11.18023,11.16128,7.568289,69.0242,11.24555,7.629738,69.50788,11.19764
"2018-07-06 14:00:00",139,13.36,32.46,29.02145,28.92922,24.00295,17.95999,13.83703,11.23309,11.19784,11.19494,11.18399,11.16424,7.48033,68.19238,11.2267,7.654918,69.7425,11.20088
"2018-07-06 14:10:00",140,13.36,32.59,29.13571,29.03469,23.99319,18.03347,13.90774,11.22894,11.20007,11.19296,11.18423,11.1658,7.457185,67.9885,11.23118,7.652418,69.72297,11.2029
"2018-07-06 14:20:00",141,13.35,32.77,29.20736,29.03671,24.0592,18.20712,13.79367,11.23861,11.19592,11.19155,11.1773,11.15994,7.406485,67.54899,11.24585,7.649622,69.69078,11.19872
"2018-07-06 14:30:00",142,13.35,32.93,29.19833,29.13851,23.98446,18.2561,13.82904,11.23336,11.19152,11.19223,11.17413,11.15957,7.408907,67.57147,11.24601,7.654633,69.73517,11.19795
"2018-07-06 14:40:00",143,13.36,32.98,29.20556,29.15801,24.02358,18.31735,13.76486,11.23095,11.19784,11.19335,11.17565,11.15454,7.442167,67.8703,11.24322,7.654107,69.73288,11.1995
"2018-07-06 14:50:00",144,13.34,33.1,29.31835,29.18658,24.01953,18.26394,13.68847,11.19583,11.19912,11.19238,11.17819,11.15768,7.459568,68.00122,11.22546,7.644309,69.64077,11.19779
"2018-07-06 15:00:00",145,13.35,33.25,29.42037,29.2788,23.79061,18.26003,13.44024,11.19421,11.19439,11.19036,11.17184,11.15673,7.453334,67.93551,11.21974,7.651425,69.70672,11.19841
"2018-07-06 15:10:00",146,13.33,33.3,29.44934,29.37026,23.93456,18.31964,13.67941,11.18167,11.19351,11.19042,11.17449,11.15811,7.466988,68.03538,11.20414,7.668027,69.85984,11.19965
"2018-07-06 15:20:00",147,13.35,33.31,29.5126,29.42242,23.98803,18.49276,13.56686,11.17214,11.19329,11.1885,11.17172,11.15362,7.484975,68.19098,11.19888,7.691298,70.06919,11.19795
"2018-07-06 15:30:00",148,13.34,33.35,29.58022,29.47149,24.18261,18.58392,13.61239,11.15896,11.19174,11.1885,11.17504,11.16085,7.478427,68.13113,11.19872,7.695087,70.10749,11.20027
"2018-07-06 15:40:00",149,13.36,33.34,29.52954,29.52612,24.07452,18.55438,13.60412,11.16293,11.18716,11.19024,11.177,11.15771,7.49298,68.25833,11.19532,7.694794,70.10794,11.20228
"2018-07-06 15:50:00",150,13.35,32.94,29.56008,29.48947,24.13583,18.47137,13.68038,11.16528,11.18926,11.18756,11.17675,11.15814,7.485778,68.19735,11.19826,7.694434,70.10279,11.20104
"2018-07-06 16:00:00",151,13.36,32.59,29.53073,29.56051,24.22457,18.47054,13.59292,11.17901,11.1936,11.19052,11.17666,11.16015,7.486244,68.20336,11.19934,7.669235,69.8762,11.2029
"2018-07-06 16:10:00",152,13.36,32.43,29.63082,29.50842,24.165,18.36978,13.62814,11.17547,11.19296,11.19052,11.18069,11.16461,7.484698,68.18901,11.19918,7.681064,69.98419,11.20305
"2018-07-06 16:20:00",153,13.37,32.3,29.65875,29.46075,24.06359,18.16479,13.49169,11.20504,11.19427,11.18441,11.20266,11.17739,7.435428,67.77458,11.22129,7.66884,69.90573,11.22345
"2018-07-06 16:30:00",154,13.35,32.15,29.65081,29.4501,23.93896,18.09319,13.42303,11.17434,11.19012,11.18481,11.18554,11.17974,7.448761,67.86302,11.20013,7.66231,69.81234,11.20243
"2018-07-06 16:40:00",155,13.31,31.91,29.66491,29.35894,23.79638,18.15188,13.1618,11.17028,11.191,11.18664,11.18362,11.17217,7.470438,68.05678,11.19779,7.631591,69.53147,11.2018
"2018-07-06 16:50:00",156,13.31,31.65,29.65893,29.54428,23.86016,17.71328,13.39205,11.19082,11.19229,11.19058,11.18115,11.15875,7.455397,67.95256,11.21865,7.598285,69.22308,11.19872
"2018-07-06 17:00:00",157,13.3,31.44,29.68554,29.50668,23.74337,17.84362,13.06417,11.19119,11.195,11.19738,11.18438,11.1575,7.463094,67.99246,11.19934,7.606179,69.27196,11.18434
"2018-07-06 17:10:00",158,13.31,31.28,29.64343,29.5115,23.67108,17.72805,13.02243,11.16381,11.19464,11.19592,11.19094,11.16961,7.551628,68.7933,11.19579,7.591011,69.16223,11.20213
"2018-07-06 17:20:00",159,13.35,31.18,29.61712,29.54626,23.57528,17.69174,13.11334,11.16754,11.19689,11.19711,11.18914,11.20202,7.494445,68.27841,11.19965,7.596822,69.28477,11.2457
"2018-07-06 17:30:00",160,13.36,31.17,29.63201,29.39135,23.73431,17.92321,13.2503,11.17858,11.19644,11.19329,11.18579,11.18917,7.483399,68.17718,11.19918,7.645668,69.69297,11.22253
"2018-07-06 17:40:00",161,13.33,31.19,29.59323,29.39987,23.8738,17.6141,13.59439,11.19802,11.195,11.19396,11.19079,11.17245,7.474759,68.09771,11.19872,7.640707,69.61301,11.20089
"2018-07-06 17:50:00",162,13.32,31.22,29.64199,29.40093,23.89813,18.01934,13.59716,11.22036,11.20324,11.2156,11.1939,11.17837,7.455521,67.96166,11.22376,7.635271,69.56412,11.20136
"2018-07-06 18:00:00",163,13.32,31.27,29.66528,29.40408,23.89901,18.13732,13.57696,11.233,11.21548,11.20974,11.22387,11.1856,7.55323,68.8872,11.2457,7.624899,69.4712,11.20229
"2018-07-06 18:10:00",164,13.22,31.32,29.58056,29.37387,23.87051,18.3034,13.66253,11.20123,11.21786,11.22192,11.18673,11.169,7.471043,68.10106,11.22237,7.631418,69.5299,11.20181
"2018-07-06 18:20:00",165,13.24,30.9,29.37383,29.4255,23.89868,18.3507,13.6788,11.20529,11.208,11.22149,11.1799,11.16171,7.463957,68.03553,11.2219,7.697608,70.13311,11.20196
"2018-07-06 18:30:00",166,13.19,30.15,29.40808,29.37838,24.02432,18.40515,13.94802,11.20028,11.19851,11.20077,11.18365,11.16424,7.49215,68.29346,11.22237,7.697595,70.13108,11.20073
"2018-07-06 18:40:00",167,13.12,29.42,29.34918,29.35595,24.0606,18.66155,14.3337,11.21841,11.20477,11.2059,11.17962,11.16415,7.455248,67.9891,11.24293,7.693689,70.09726,11.20181
"2018-07-06 18:50:00",168,13.04,28.81,29.34493,29.30306,24.27596,18.95547,14.30828,11.22537,11.20596,11.2055,11.18572,11.16311,7.420838,67.6788,11.24508,7.694473,70.10453,11.20196
"2018-07-06 19:00:00",169,13,28.34,29.29034,29.26711,24.5541,19.14102,14.04513,11.21731,11.20407,11.2236,11.18099,11.16513,7.486439,68.24047,11.2219,7.679813,69.96806,11.20013
"2018-07-06 19:10:00",170,12.99,27.73,29.2694,29.21301,24.46694,18.79626,14.15991,11.20315,11.20816,11.20159,11.18905,11.17013,7.631102,69.54807,11.21495,7.682447,69.99359,11.20104
"2018-07-06 19:20:00",171,12.97,27.05,29.22201,29.1896,24.38619,18.29983,14.05154,11.21981,11.20812,11.20037,11.19335,11.17092,7.683457,70.04294,11.22592,7.671309,69.89211,11.20104
"2018-07-06 19:30:00",172,12.97,26.5,29.22589,28.99853,24.10708,17.73104,13.67749,11.2308,11.20816,11.20248,11.19403,11.17181,7.595438,69.24387,11.22808,7.661257,69.80052,11.20104
"2018-07-06 19:40:00",173,12.96,26.06,29.16155,29.14721,24.01159,17.79101,13.53073,11.21243,11.20077,11.20019,11.19265,11.17221,7.453707,67.94149,11.22144,7.657536,69.76883,11.20243
"2018-07-06 19:50:00",174,12.96,25.75,29.21871,29.15646,24.19518,17.55444,13.13952,11.1925,11.20172,11.21212,11.19009,11.17297,7.427905,67.67134,11.19903,7.644301,69.64742,11.20196
"2018-07-06 20:00:00",175,12.94,25.6,29.19229,29.14468,24.21896,17.42465,12.92462,11.19552,11.20086,11.20431,11.19815,11.1733,7.44693,67.8739,11.21774,7.625285,69.47202,11.20058
"2018-07-06 20:10:00",176,12.95,25.46,29.16473,29.14581,24.10644,17.1838,12.87957,11.19165,11.20272,11.20028,11.19558,11.17465,7.466049,68.02174,11.20088,7.622985,69.45404,11.20243
"2018-07-06 20:20:00",177,12.92,25.33,29.13168,29.12805,24.27642,17.41226,12.8457,11.18759,11.20342,11.20205,11.19186,11.17217,7.446371,67.84658,11.20351,7.67258,69.90368,11.20104
"2018-07-06 20:30:00",178,12.92,25.23,29.12924,29.11047,24.26028,17.49835,12.94778,11.20465,11.20156,11.203,11.19338,11.16998,7.442207,67.82411,11.2134,7.680756,69.98004,11.20228
"2018-07-06 20:40:00",179,12.92,25.15,29.09893,29.08846,24.15228,17.86895,13.13845,11.20828,11.19888,11.19793,11.19143,11.1723,7.437171,67.79172,11.22205,7.675124,69.92826,11.20196
"2018-07-06 20:50:00",180,12.93,25.09,29.09765,29.09042,24.423,17.94787,13.39077,11.22079,11.19659,11.20028,11.18447,11.16931,7.451474,67.92127,11.22159,7.685042,70.01847,11.20181
"2018-07-06 21:00:00",181,12.93,25.03,29.06158,29.06066,24.46737,18.1101,13.45776,11.21868,11.19802,11.19851,11.18746,11.16702,7.41869,67.63435,11.22916,7.671865,69.89842,11.20181
"2018-07-06 21:10:00",182,12.93,24.94,29.03185,29.04089,24.40081,18.27987,13.44461,11.19607,11.20126,11.19683,11.18658,11.173,7.449,67.8664,11.20088,7.687997,70.04484,11.20151
"2018-07-06 21:20:00",183,12.93,24.88,29.02175,28.99789,24.35769,18.34435,13.80334,11.20065,11.20587,11.19949,11.19189,11.17358,7.453265,67.90264,11.19918,7.689608,70.05966,11.20165
"2018-07-06 21:30:00",184,12.94,24.87,29.00183,28.98159,24.2582,18.43316,14.11785,11.1918,11.20117,11.19821,11.1882,11.17047,7.434606,67.74627,11.20799,7.664506,69.83151,11.20196
"2018-07-06 21:40:00",185,12.93,24.84,28.96755,28.96398,24.22082,18.3131,14.11227,11.18698,11.20394,11.20025,11.18948,11.17111,7.553966,68.82034,11.19934,7.655504,69.74983,11.20211
"2018-07-06 21:50:00",186,12.94,24.79,28.93032,28.93234,24.02667,18.38186,13.88253,11.20529,11.20236,11.20114,11.18814,11.16601,7.437472,67.75875,11.19918,7.669901,69.88394,11.20398
"2018-07-06 22:00:00",187,12.92,24.77,28.91445,28.91213,23.79922,18.31845,13.82168,11.19793,11.20333,11.20294,11.18691,11.16479,7.400501,67.45712,11.2219,7.677334,69.94548,11.20013
"2018-07-06 22:10:00",188,12.9,24.75,28.91885,28.89211,23.87478,18.37673,13.79425,11.20367,11.20782,11.19888,11.18957,11.16885,7.397501,67.42292,11.21741,7.663616,69.82173,11.20089
"2018-07-06 22:20:00",189,12.89,24.73,28.87799,28.87533,23.94091,18.37423,13.73156,11.18536,11.20257,11.19442,11.18914,11.16766,7.367943,67.15566,11.21881,7.647392,69.67504,11.20165
"2018-07-06 22:30:00",190,12.89,24.7,28.86105,28.84875,23.96993,18.37853,13.81967,11.19168,11.21435,11.19622,11.18685,11.17181,7.411743,67.55009,11.21572,7.651062,69.70798,11.20136
"2018-07-06 22:40:00",191,12.9,24.69,28.83245,28.83544,24.00121,18.46411,13.63116,11.20471,11.19873,11.19799,11.19284,11.17227,7.405313,67.49674,11.21912,7.647432,69.67594,11.20197
"2018-07-06 22:50:00",192,12.88,24.66,28.81933,28.78021,24.21295,18.51882,13.57644,11.29214,11.20172,11.20141,11.19223,11.17764,7.397696,67.48656,11.25713,7.641173,69.6222,11.20399
"2018-07-06 23:00:00",193,12.89,24.65,28.79476,28.75546,24.32147,18.48879,13.55584,11.29821,11.20782,11.20642,11.191,11.18276,7.383671,67.37075,11.26501,7.652152,69.72715,11.20707
"2018-07-06 23:10:00",194,12.89,24.67,28.76699,28.76299,24.52337,18.49145,13.48352,11.25073,11.20373,11.20471,11.20474,11.17071,7.364544,67.18568,11.25821,7.648566,69.68614,11.2018
"2018-07-06 23:20:00",195,12.88,24.69,28.72286,28.71676,24.46917,18.51333,13.56558,11.23568,11.20953,11.20422,11.19503,11.17279,7.352752,67.05784,11.24508,7.630606,69.5259,11.20399
"2018-07-06 23:30:00",196,12.89,24.69,28.71877,28.69982,24.53115,18.49056,13.57186,11.27908,11.21356,11.20507,11.19573,11.17593,7.324504,66.83557,11.2681,7.637395,69.59102,11.20599
"2018-07-06 23:40:00",197,12.89,24.69,28.69821,28.6867,24.57925,18.45028,13.35739,11.25067,11.20919,11.20495,11.19308,11.17089,7.29823,66.56121,11.24555,7.623159,69.45425,11.20165
"2018-07-06 23:50:00",198,12.88,24.69,28.68899,28.6636,24.54476,18.49346,13.2228,11.23879,11.20678,11.20129,11.1925,11.17303,7.271129,66.31344,11.24508,7.618596,69.41426,11.20259
"2018-07-07 00:00:00",199,12.87,24.68,28.66143,28.63961,24.55078,18.34878,13.14114,11.25259,11.20492,11.20034,11.1911,11.17883,7.280654,66.40766,11.24988,7.623758,69.46621,11.20567
"2018-07-07 00:10:00",200,12.88,24.64,28.62972,28.62506,24.54891,18.35479,13.06097,11.24697,11.2055,11.20141,11.1929,11.18057,7.302892,66.59068,11.23705,7.639634,69.6065,11.2029
"2018-07-07 00:20:00",201,12.89,24.59,28.59307,28.60156,24.56045,18.13387,13.08663,11.22125,11.20541,11.20236,11.19396,11.18624,7.327838,66.79251,11.22035,7.634703,69.56324,11.20398
"2018-07-07 00:30:00",202,12.89,24.58,28.59085,28.59085,24.55285,18.11474,13.08236,11.20382,11.20223,11.20327,11.19439,11.17309,7.332134,66.81332,11.20845,7.623662,69.46464,11.20522
"2018-07-07 00:40:00",203,12.88,24.59,28.57745,28.58627,24.57272,18.20916,13.25292,11.20611,11.21023,11.20727,11.19775,11.17327,7.344023,66.94264,11.22205,7.612905,69.36442,11.20382
"2018-07-07 00:50:00",204,12.93,24.59,28.54785,28.56024,24.53744,18.23937,13.29162,11.22473,11.21081,11.23257,11.20382,11.18176,7.347035,66.98956,11.23457,7.61742,69.4041,11.2029
"2018-07-07 01:00:00",205,12.89,24.58,28.49719,28.55059,24.5223,18.10006,13.27557,11.21929,11.21386,11.20382,11.19406,11.18643,7.354563,67.07437,11.24508,7.624269,69.49369,11.2199
"2018-07-07 01:10:00",206,12.89,24.58,28.49404,28.50567,24.70867,18.15225,13.34963,11.22689,11.21237,11.2051,11.18988,11.18182,7.333057,66.87823,11.24508,7.605352,69.32798,11.22407
"2018-07-07 01:20:00",207,12.86,24.53,28.4786,28.47735,24.86318,18.20431,13.38085,11.23333,11.20883,11.20858,11.19149,11.17465,7.371984,67.23386,11.24555,7.604582,69.2928,11.20645
"2018-07-07 01:30:00",208,12.86,24.42,28.46765,28.44085,24.88006,18.2347,13.36926,11.24517,11.20855,11.20767,11.1921,11.1781,7.367183,67.19162,11.24647,7.619447,69.43046,11.20785
"2018-07-07 01:40:00",209,12.86,24.26,28.40124,28.38464,24.95214,18.22399,13.4634,11.24298,11.20913,11.20886,11.1939,11.17926,7.34483,66.98488,11.24461,7.629402,69.51548,11.20428
"2018-07-07 01:50:00",210,12.89,24.06,28.34823,28.37957,24.9122,18.23214,13.329,11.24819,11.20645,11.20504,11.19342,11.17752,7.339769,66.94845,11.25095,7.635764,69.57422,11.20476
"2018-07-07 02:00:00",211,12.87,23.87,28.3482,28.33312,24.81225,18.19882,13.28149,11.26577,11.20541,11.21948,11.19659,11.18096,7.403215,67.51761,11.24477,7.627374,69.5027,11.20784
"2018-07-07 02:10:00",212,12.85,23.72,28.27069,28.31649,24.79754,18.23928,13.28921,11.21234,11.21331,11.22683,11.20236,11.18524,7.456129,67.96939,11.22515,7.623965,69.47583,11.21048
"2018-07-07 02:20:00",213,12.85,23.34,28.29598,28.22799,24.87615,18.14907,13.28033,11.23916,11.21102,11.2116,11.20028,11.18112,7.501524,68.41433,11.24493,7.620445,69.43755,11.2066
"2018-07-07 02:30:00",214,12.86,23.05,28.25076,28.25173,24.58294,18.04626,13.25637,11.23144,11.21432,11.20922,11.19723,11.18173,7.494403,68.34776,11.24385,7.606936,69.32163,11.21109
"2018-07-07 02:40:00",215,12.85,22.88,28.23336,28.19952,24.5595,18.0855,13.33337,11.22497,11.2048,11.20516,11.20077,11.17965,7.423894,67.69797,11.23952,7.586205,69.13036,11.20955
"2018-07-07 02:50:00",216,12.85,22.78,28.19216,28.18597,24.68334,17.92684,13.25384,11.22366,11.20819,11.20742,11.19561,11.17559,7.352482,67.02197,11.22345,7.579169,69.06419,11.20831
"2018-07-07 03:00:00",217,12.85,22.73,28.17419,28.17034,24.5725,17.81155,13.36804,11.24111,11.21011,11.20639,11.19531,11.17443,7.335464,66.90079,11.24555,7.619901,69.4336,11.20722
"2018-07-07 03:10:00",218,12.85,22.7,28.15142,28.13687,24.50613,17.75289,13.47271,11.25881,11.21285,11.20639,11.19512,11.17532,7.337244,66.95047,11.26718,7.654903,69.75875,11.21108
"2018-07-07 03:20:00",219,12.86,22.66,28.13793,28.14916,24.57403,17.69561,13.5592,11.23336,11.20996,11.20501,11.19497,11.17446,7.324397,66.79938,11.24523,7.669594,69.88642,11.20722
"2018-07-07 03:30:00",220,12.85,22.64,28.13165,28.10882,24.52395,17.70904,13.63885,11.2116,11.21176,11.20632,11.19314,11.17309,7.328977,66.84294,11.24632,7.681548,69.99556,11.20739
"2018-07-07 03:40:00",221,12.85,22.65,28.08224,28.09164,24.45153,17.69415,13.78894,11.20678,11.21398,11.20373,11.19421,11.17611,7.340701,66.91761,11.22546,7.676406,69.95568,11.21171
"2018-07-07 03:50:00",222,12.85,22.67,28.03118,28.07113,24.41726,17.83688,13.94638,11.23791,11.21078,11.20736,11.19558,11.17584,7.330764,66.83609,11.23133,7.649136,69.71314,11.21542
"2018-07-07 04:00:00",223,12.85,22.68,28.05566,28.05691,24.54574,17.93627,13.91406,11.26248,11.21112,11.20654,11.19439,11.17697,7.310253,66.69537,11.26147,7.646303,69.68065,11.21125
"2018-07-07 04:10:00",224,12.84,22.64,28.00476,28.02981,24.53326,18.04669,13.96926,11.27056,11.20797,11.20712,11.19427,11.17593,7.299842,66.60635,11.26532,7.645831,69.67385,11.20969
"2018-07-07 04:20:00",225,12.85,22.6,28.01245,28.02322,24.46719,18.10256,14.13098,11.28369,11.21084,11.20779,11.19491,11.17282,7.279593,66.43177,11.27196,7.635521,69.57236,11.20506
"2018-07-07 04:30:00",226,12.84,22.54,28.00744,28.0148,24.47604,18.14657,14.06253,11.31436,11.21389,11.20904,11.19857,11.17294,7.24268,66.12593,11.29235,7.620094,69.43144,11.20476
"2018-07-07 04:40:00",227,12.85,22.44,27.98373,27.98623,24.40624,18.22137,14.02227,11.26217,11.21499,11.20895,11.20129,11.17657,7.254245,66.21978,11.28463,7.607399,69.32942,11.21326
"2018-07-07 04:50:00",228,12.85,22.37,27.96804,27.9638,24.27529,18.21737,14.04638,11.26498,11.21392,11.2102,11.20111,11.17825,7.295135,66.55981,11.26301,7.606026,69.32023,11.21542
"2018-07-07 05:00:00",229,12.84,22.34,27.89099,27.92794,24.09075,18.23223,14.09548,11.25549,11.20892,11.20776,11.20101,11.18432,7.293005,66.54899,11.26856,7.611469,69.36985,11.21542
"2018-07-07 05:10:00",230,12.85,22.37,27.92495,27.91271,23.91741,18.2969,14.01461,11.28869,11.21475,11.20846,11.19964,11.18505,7.27566,66.37359,11.25745,7.593691,69.2167,11.22097
"2018-07-07 05:20:00",231,12.85,22.43,27.86346,27.89047,23.78167,18.40774,13.97393,11.28091,11.21176,11.20898,11.19754,11.18182,7.31538,66.71974,11.24694,7.594181,69.2215,11.22115
"2018-07-07 05:30:00",232,12.84,22.51,27.83611,27.83761,23.98962,18.46337,13.88833,11.26104,11.21255,11.20608,11.19714,11.17437,7.328472,66.84992,11.25388,7.644383,69.67231,11.21696
"2018-07-07 05:40:00",233,12.84,22.6,27.81384,27.83178,24.05395,18.60928,13.80261,11.25653,11.20858,11.20794,11.19851,11.17922,7.291199,66.53332,11.26919,7.675081,69.95822,11.22066
"2018-07-07 05:50:00",234,12.83,22.66,27.80514,27.77624,24.07162,18.66955,13.74404,11.2373,11.21194,11.20846,11.19461,11.17678,7.314868,66.74311,11.26517,7.679439,69.98674,11.21387
"2018-07-07 06:00:00",235,12.84,22.74,27.70559,27.74523,24.3388,18.71627,13.70739,11.2615,11.20648,11.20266,11.19567,11.17849,7.320462,66.80068,11.26934,7.669221,69.8884,11.21062
"2018-07-07 06:10:00",236,12.83,22.78,27.72802,27.6874,24.36617,18.82061,13.49832,11.24487,11.20883,11.20526,11.20324,11.18356,7.323646,66.82859,11.26856,7.663517,69.84746,11.21742
"2018-07-07 06:20:00",237,12.82,22.82,27.66433,27.68005,24.34506,18.83355,13.41238,11.19061,11.2084,11.22262,11.2059,11.18319,7.357946,67.08598,11.23271,7.641116,69.64058,11.21572
"2018-07-07 06:30:00",238,12.83,22.86,27.67803,27.63928,24.24664,18.90096,13.19213,11.19744,11.20852,11.21124,11.20147,11.17578,7.381578,67.28106,11.21959,7.637849,69.60694,11.21325
"2018-07-07 06:40:00",239,12.85,22.87,27.63989,27.6329,24.3608,18.79971,13.08624,11.2217,11.21334,11.21478,11.20428,11.18328,7.349027,67.02449,11.24555,7.623477,69.48156,11.21681
"2018-07-07 06:50:00",240,12.82,22.87,27.63272,27.60372,24.24658,18.7554,13.01724,11.2091,11.21911,11.22113,11.20608,11.18521,7.336955,66.91637,11.24678,7.608439,69.35298,11.22206
"2018-07-07 07:00:00",241,12.84,22.91,27.59301,27.60143,24.23751,18.56973,12.91836,11.21282,11.21533,11.21331,11.20556,11.18316,7.330916,66.82484,11.22314,7.597238,69.24882,11.22082
"2018-07-07 07:10:00",242,12.85,22.91,27.57879,27.5827,24.2713,18.46789,12.8854,11.20721,11.21704,11.21575,11.20584,11.1828,7.315958,66.73013,11.25018,7.565582,68.96714,11.22515
"2018-07-07 07:20:00",243,12.85,22.92,27.57229,27.57449,24.33175,18.34564,12.78381,11.20581,11.22137,11.21533,11.20501,11.18655,7.317002,66.69966,11.22423,7.577763,69.07921,11.22578
"2018-07-07 07:30:00",244,12.84,22.94,27.56652,27.56118,24.18121,18.26327,12.7503,11.21472,11.2156,11.21478,11.20309,11.18771,7.336325,66.90706,11.24446,7.594181,69.2215,11.22115
"2018-07-07 07:40:00",245,12.85,22.95,27.54455,27.54418,24.15429,18.24212,12.81301,11.2037,11.2142,11.21218,11.20367,11.18231,7.316793,66.6947,11.22222,7.594027,69.22224,11.22253
"2018-07-07 07:50:00",246,12.86,22.97,27.53875,27.52081,24.25665,18.23416,12.89816,11.20751,11.21405,11.21075,11.20321,11.18136,7.302911,66.56551,11.22051,7.624136,69.49607,11.22206
"2018-07-07 08:00:00",247,12.92,23.01,27.46704,27.52041,24.24621,18.3251,12.9967,11.21188,11.21276,11.20831,11.20074,11.17901,7.308119,66.61916,11.22453,7.653681,69.76587,11.22237
"2018-07-07 08:10:00",248,12.93,23.05,27.48397,27.50845,24.22058,18.41586,13.16256,11.24093,11.21029,11.21163,11.19912,11.17608,7.317543,66.70605,11.22515,7.66371,69.85318,11.2199
"2018-07-07 08:20:00",249,13.02,23.09,27.49996,27.48644,24.23089,18.45028,13.30657,11.22335,11.21295,11.21408,11.2005,11.17785,7.325092,66.80034,11.24169,7.669663,69.90918,11.22099
"2018-07-07 08:30:00",250,13,23.11,27.46679,27.48019,24.22122,18.60781,13.41094,11.22195,11.21496,11.21337,11.20361,11.18637,7.314978,66.71096,11.24355,7.665801,69.87824,11.22361
"2018-07-07 08:40:00",251,13.01,23.13,27.48394,27.46371,24.33569,18.5801,13.40536,11.2117,11.21273,11.21429,11.20315,11.18301,7.339016,66.92831,11.2423,7.647268,69.70826,11.223
"2018-07-07 08:50:00",252,13.09,23.19,27.49236,27.462,24.12509,18.62957,13.52786,11.21084,11.21426,11.21044,11.2026,11.18133,7.330434,66.82019,11.22299,7.64699,69.70391,11.22176
"2018-07-07 09:00:00",253,13.17,23.28,27.44897,27.45645,24.20819,18.55523,13.57833,11.21057,11.22109,11.21044,11.20593,11.18362,7.308825,66.63774,11.23241,7.635179,69.59758,11.22268
"2018-07-07 09:10:00",254,13.22,23.43,27.44549,27.44735,24.22552,18.4508,13.54211,11.19345,11.21636,11.21435,11.20565,11.18627,7.324541,66.78102,11.23241,7.603197,69.30957,11.22485
"2018-07-07 09:20:00",255,13.24,23.53,27.48184,27.43008,24.32022,18.48525,13.72265,11.19424,11.2135,11.21307,11.20266,11.18395,7.381012,67.27946,11.22176,7.587481,69.16801,11.22592
"2018-07-07 09:30:00",256,13.32,23.63,27.37954,27.4208,24.34545,18.37454,13.7665,11.19985,11.21267,11.21032,11.19964,11.18569,7.40521,67.5011,11.22253,7.620498,69.46927,11.22607
"2018-07-07 09:40:00",257,13.42,23.75,27.39022,27.41229,24.75338,18.38394,13.8522,11.21105,11.21276,11.20922,11.20388,11.18414,7.387823,67.37722,11.24477,7.626709,69.52215,11.22375
"2018-07-07 09:50:00",258,13.4,23.93,27.44164,27.4121,24.46884,18.37814,13.85873,11.22427,11.21282,11.21188,11.21389,11.18203,7.390768,67.4047,11.24523,7.611458,69.37844,11.22082
"2018-07-07 10:00:00",259,13.44,24.08,27.42529,27.38583,24.41073,18.20297,13.93206,11.21853,11.21383,11.20956,11.20519,11.19058,7.391113,67.41094,11.24723,7.592038,69.21424,11.22885
"2018-07-07 10:10:00",260,13.36,24.18,27.43163,27.37069,24.45495,18.22647,13.97076,11.20977,11.21542,11.21136,11.21969,11.19836,7.430323,67.76408,11.24431,7.578788,69.0902,11.22685
"2018-07-07 10:20:00",261,13.35,24.16,27.42489,27.35067,24.15237,18.19433,13.94107,11.20632,11.21322,11.21276,11.20266,11.18991,7.460756,68.00267,11.21944,7.55445,68.86588,11.2253
"2018-07-07 10:30:00",262,13.39,24.16,27.38244,27.37017,24.259,18.05834,13.74176,11.21636,11.2073,11.2059,11.20547,11.20291,7.408693,67.52346,11.21649,7.547475,68.83656,11.24694
"2018-07-07 10:40:00",263,13.5,24.42,27.3796,27.3793,23.89068,17.95489,13.69598,11.21041,11.22637,11.21435,11.21395,11.18899,7.412109,67.55291,11.21542,7.539352,68.72483,11.22314
"2018-07-07 10:50:00",264,13.49,24.94,27.4338,27.39987,24.04455,17.86154,13.55691,11.21939,11.22662,11.2171,11.20703,11.18722,7.398632,67.47554,11.24461,7.532801,68.66784,11.22483
"2018-07-07 11:00:00",265,13.46,25.28,27.4544,27.45345,24.16006,17.89752,13.44329,11.22369,11.21389,11.2113,11.20684,11.19457,7.381281,67.31758,11.24477,7.518304,68.54053,11.22794
"2018-07-07 11:10:00",266,13.46,25.47,27.48361,27.48373,24.21365,17.92791,13.32217,11.19491,11.21218,11.21661,11.22073,11.20275,7.374119,67.21723,11.22222,7.525539,68.60234,11.2253
"2018-07-07 11:20:00",267,13.47,25.52,27.52624,27.50411,24.26385,17.9219,13.48785,11.22857,11.22143,11.24548,11.24078,11.21768,7.390127,67.40234,11.24741,7.521603,68.60257,11.24818
"2018-07-07 11:30:00",268,13.48,25.76,27.56091,27.5082,24.33154,18.0408,13.50729,11.20828,11.24078,11.2485,11.21896,11.19692,7.395937,67.44902,11.24338,7.535491,68.69352,11.2256
"2018-07-07 11:40:00",269,13.48,25.76,27.53811,27.53756,24.34451,18.14761,13.69226,11.21865,11.21728,11.21896,11.21108,11.18923,7.39368,67.43158,11.2454,7.524494,68.59185,11.22469
"2018-07-07 11:50:00",270,13.47,25.72,27.57424,27.5498,24.68441,18.12246,13.59582,11.24087,11.22891,11.23638,11.21868,11.19522,7.379607,67.30867,11.24894,7.529279,68.63376,11.22361
"2018-07-07 12:00:00",271,13.47,25.81,27.59426,27.56652,24.68942,18.26208,13.60839,11.23049,11.23593,11.22525,11.20965,11.18588,7.38051,67.31147,11.2454,7.504358,68.40857,11.22483
"2018-07-07 12:10:00",272,13.47,26.08,27.6434,27.60198,24.53762,18.12438,13.55859,11.23547,11.22766,11.22354,11.20068,11.18585,7.454309,67.98468,11.24555,7.527535,68.6191,11.22437
"2018-07-07 12:20:00",273,13.48,26.26,27.64828,27.62988,24.4768,17.92632,13.49862,11.23779,11.22628,11.21697,11.19885,11.18786,7.442078,67.87928,11.24941,7.552966,68.85092,11.22437
"2018-07-07 12:30:00",274,13.47,26.34,27.68301,27.66049,24.55429,17.87908,13.42123,11.24618,11.22006,11.21435,11.20178,11.18316,7.3389,66.94505,11.25388,7.564706,68.95814,11.22453
"2018-07-07 12:40:00",275,13.47,26.36,27.68792,27.65624,24.66537,17.91491,13.48477,11.26861,11.21551,11.21603,11.20016,11.18243,7.404339,67.59558,11.28834,7.591371,69.19902,11.22314
"2018-07-07 12:50:00",276,13.47,26.38,27.7189,27.70144,24.7344,17.86636,13.54425,11.26925,11.22042,11.21453,11.20581,11.18502,7.468667,68.17738,11.28478,7.61265,69.39374,11.22361
"2018-07-07 13:00:00",277,13.46,26.51,27.7933,27.70736,24.55462,17.83322,13.4855,11.30413,11.22186,11.21792,11.20794,11.18588,7.468534,68.21752,11.31118,7.60061,69.28425,11.22376
"2018-07-07 13:10:00",278,13.47,26.72,27.87875,27.74734,24.5433,17.85354,13.64334,11.28219,11.22741,11.21917,11.20666,11.18972,7.404724,67.6111,11.29606,7.587736,69.16739,11.22406
"2018-07-07 13:20:00",279,13.46,27.01,27.99893,27.78634,24.33001,17.89681,13.64071,11.30364,11.22619,11.2174,11.20571,11.18438,7.374581,67.35916,11.31103,7.609191,69.36171,11.2233
"2018-07-07 13:30:00",280,13.47,27.18,28.06664,27.79794,24.26162,17.9577,13.69607,11.30868,11.22131,11.22128,11.20687,11.18664,7.311837,66.78593,11.31088,7.62073,69.46765,11.22376
"2018-07-07 13:40:00",281,13.46,27.24,28.17974,27.84207,24.35467,17.99929,13.70925,11.30294,11.22766,11.21789,11.20382,11.18206,7.273451,66.40825,11.29328,7.618509,69.44915,11.22483
"2018-07-07 13:50:00",282,13.47,27.38,28.27337,27.90127,24.24444,17.98458,13.83566,11.29046,11.22454,11.21697,11.20654,11.18011,7.302908,66.66532,11.28555,7.602304,69.30087,11.22453
"2018-07-07 14:00:00",283,13.45,27.55,28.39889,27.87094,24.15118,18.16146,13.78503,11.27548,11.22692,11.22204,11.20706,11.18572,7.321711,66.81699,11.27258,7.606244,69.33513,11.22345
"2018-07-07 14:10:00",284,13.43,27.74,28.56683,27.60015,24.27426,18.3139,13.79074,11.27395,11.23043,11.22174,11.21203,11.18795,7.335124,66.95053,11.27969,7.599335,69.27062,11.22253
"2018-07-07 14:20:00",285,13.43,27.75,28.64657,27.54635,24.09219,18.1365,13.75189,11.24667,11.22805,11.21783,11.20709,11.18624,7.341314,66.95401,11.2454,7.561616,68.92832,11.22345
"2018-07-07 14:30:00",286,13.43,27.78,28.71374,27.53131,24.17205,18.15704,13.66412,11.2413,11.22802,11.2246,11.21597,11.1914,7.334606,66.89381,11.24601,7.56428,68.95261,11.22345
"2018-07-07 14:40:00",287,13.46,27.96,28.78741,27.55352,24.01058,18.03311,13.47802,11.25186,11.22637,11.23522,11.21365,11.1893,7.321948,66.77659,11.24493,7.56101,68.92301,11.22361
"2018-07-07 14:50:00",288,13.44,28.14,28.86404,27.61218,23.98849,18.17379,13.58462,11.24578,11.22506,11.22998,11.21398,11.19302,7.326055,66.85185,11.26949,7.549258,68.81902,11.2256
"2018-07-07 15:00:00",289,13.46,28.35,28.79489,27.65954,23.86636,18.12585,13.52593,11.22875,11.22637,11.2229,11.20996,11.18554,7.315158,66.72131,11.24925,7.542845,68.75887,11.22453
"2018-07-07 15:10:00",290,13.42,28.53,28.64504,27.63882,24.06771,18.25631,13.56488,11.22683,11.22277,11.22293,11.21401,11.19445,7.311283,66.68111,11.24601,7.541836,68.74823,11.22361
"2018-07-07 15:20:00",291,13.44,28.72,28.55917,27.61889,24.02325,18.32607,13.43542,11.21163,11.22457,11.23501,11.22436,11.199,7.331683,66.8557,11.23859,7.561196,68.92839,11.22592
"2018-07-07 15:30:00",292,13.48,28.8,28.61703,27.67346,23.94934,18.58593,13.62789,11.22933,11.22457,11.22396,11.24539,11.20266,7.373488,67.2412,11.24138,7.55774,68.89943,11.22747
"2018-07-07 15:40:00",293,13.45,28.89,28.79388,27.75408,23.99246,18.74777,13.94064,11.23025,11.22625,11.22497,11.25146,11.20913,7.482371,68.24263,11.24678,7.526343,68.64299,11.24632
"2018-07-07 15:50:00",294,13.43,28.99,28.88732,27.72216,24.17681,18.84271,13.7402,11.2413,11.22735,11.23049,11.26449,11.20696,7.506522,68.46038,11.24523,7.533693,68.69226,11.23519
"2018-07-07 16:00:00",295,13.43,29.1,28.86221,27.76522,24.01086,18.78652,13.6011,11.20452,11.22299,11.22796,11.26391,11.20706,7.500379,68.40226,11.24385,7.555218,68.88228,11.23117
"2018-07-07 16:10:00",296,13.43,29.31,29.04397,27.846,24.09036,18.92211,13.50082,11.19781,11.22161,11.23095,11.25613,11.19677,7.43346,67.77617,11.23381,7.564617,68.95761,11.22469
"2018-07-07 16:20:00",297,13.43,29.45,29.09939,27.87298,24.09399,18.96633,13.39007,11.20614,11.2196,11.22381,11.21734,11.19467,7.420112,67.63735,11.22282,7.544536,68.77133,11.22268
"2018-07-07 16:30:00",298,13.42,29.65,29.07507,27.94253,23.93453,18.93591,13.23046,11.21661,11.22396,11.22064,11.21179,11.195,7.426249,67.69275,11.22237,7.503016,68.3992,11.2267
"2018-07-07 16:40:00",299,13.42,29.73,29.09722,27.95062,24.00717,18.94613,13.28927,11.23263,11.22671,11.22033,11.21285,11.19567,7.435764,67.78421,11.22546,7.541226,68.74314,11.22392
"2018-07-07 16:50:00",300,13.43,29.73,29.36294,28.0563,23.77432,18.62283,13.04425,11.26885,11.22668,11.22027,11.21664,11.19799,7.411069,67.6062,11.25574,7.56928,69.00209,11.22592
"2018-07-07 17:00:00",301,13.42,29.9,29.53326,28.04305,23.82815,18.68957,13.20297,11.25366,11.22671,11.2171,11.23245,11.20077,7.390119,67.43744,11.27011,7.577379,69.11695,11.25173
"2018-07-07 17:10:00",302,13.42,30.22,29.44668,28.01562,23.77468,18.57775,13.21392,11.26901,11.22827,11.22537,11.21237,11.19256,7.372548,67.2765,11.26965,7.55965,68.9163,11.22716
"2018-07-07 17:20:00",303,13.43,30.46,29.43124,28.03701,23.95345,18.3742,13.26632,11.2423,11.22537,11.21856,11.21237,11.20251,7.373631,67.28505,11.26887,7.533019,68.68276,11.23303
"2018-07-07 17:30:00",304,13.39,30.6,29.41961,28.05801,24.31564,18.60937,13.47549,11.23657,11.22448,11.22299,11.21145,11.19689,7.357893,67.12767,11.25991,7.53782,68.71237,11.22407
"2018-07-07 17:40:00",305,13.41,30.54,29.41274,27.97463,24.16604,18.60983,13.4775,11.22045,11.22851,11.22805,11.21429,11.19165,7.344591,66.98601,11.24678,7.525544,68.60115,11.22453
"2018-07-07 17:50:00",306,13.43,30.47,29.37136,27.93395,24.17593,18.62405,13.3648,11.23699,11.22772,11.22564,11.21633,11.19567,7.32838,66.83245,11.24307,7.501821,68.38761,11.22623
"2018-07-07 18:00:00",307,13.44,30.41,29.34045,27.96704,24.2398,18.31597,13.25009,11.24789,11.23022,11.22891,11.21816,11.19842,7.347788,67.01271,11.24523,7.523974,68.59298,11.2284
